Date,ResourceID,Service,Department,Environment,UsageAmount,Cost,Currency
2026-03-02,res-3824,CloudFront (CDN),Data Science,Dev,17.385053287897723,28.42,USD
2026-03-01,res-5493,S3 (Storage),Sales,Prod,52.04131025776667,49.67,USD
2026-01-12,res-8655,S3 (Storage),Data Science,Staging,20.196511330234205,47.54,USD
2026-01-06,res-8401,CloudFront (CDN),Engineering,Dev,14.904346088221844,48.56,USD
2026-02-26,res-6132,RDS (Database),Data Science,Staging,24.63998102906569,45.79,USD
2026-01-04,res-4610,Lambda (Serverless),Engineering,Dev,56.56293632356764,16.83,USD
2026-04-01,res-5181,EC2 (Compute),Sales,Prod,28.15340774074831,20.02,USD
2026-03-22,res-2615,RDS (Database),Data Science,Staging,45.86774112997972,42.96,USD
2026-01-01,res-5632,S3 (Storage),Data Science,Prod,49.701145693934535,37.99,USD
2026-01-01,res-3669,Lambda (Serverless),Sales,Dev,79.25126718031686,49.7,USD
2026-01-08,res-9792,RDS (Database),Sales,Dev,67.47886066781956,15.37,USD
2026-02-06,res-9128,CloudFront (CDN),Engineering,Prod,69.37285101631026,5.23,USD
2026-02-27,res-3105,RDS (Database),Engineering,Prod,44.53772658702199,5.66,USD
2026-02-26,res-1729,CloudFront (CDN),Sales,Prod,0.0,115.82,USD
2026-03-20,res-9270,EC2 (Compute),Data Science,Prod,31.643232454487396,29.35,USD
2026-03-04,res-9613,CloudFront (CDN),,Prod,0.0,106.93,USD
2026-01-14,res-9296,RDS (Database),Marketing,Staging,57.714729029602076,27.28,USD
2026-02-16,res-5149,CloudFront (CDN),Data Science,Staging,90.38560865498143,49.16,USD
2026-01-17,res-9533,S3 (Storage),,Prod,5.497424492124084,27.08,USD
2026-02-18,res-9163,Lambda (Serverless),,Prod,2.5474927157705487,42.04,USD
2026-03-18,res-8458,EC2 (Compute),Data Science,Staging,51.573746141476086,3.01,USD
2026-01-10,res-3826,S3 (Storage),Sales,Prod,5.411427038879165,31.95,USD
2026-03-08,res-5471,S3 (Storage),Engineering,Prod,98.48178814170996,4.87,USD
2026-03-13,res-5469,Lambda (Serverless),Marketing,Staging,19.71834068011486,1.83,USD
2026-02-19,res-2565,CloudFront (CDN),Sales,Staging,80.77391074847503,33.72,USD
2026-02-01,res-3368,Lambda (Serverless),Engineering,Prod,6.707881356784783,42.22,USD
2026-01-26,res-5027,RDS (Database),Sales,Dev,32.260610693697025,26.27,USD
2026-03-21,res-8038,S3 (Storage),,Prod,87.15412451403138,20.56,USD
2026-02-25,res-9288,S3 (Storage),,Prod,46.5219169499764,29.85,USD
2026-01-08,res-9922,CloudFront (CDN),Marketing,Staging,1.5776149212286616,30.4,USD
2026-01-06,res-5420,EC2 (Compute),Sales,Staging,97.0489199091739,29.23,USD
2026-03-26,res-9616,RDS (Database),,Staging,60.663273378498594,0.28,USD
2026-01-17,res-9852,RDS (Database),,Staging,94.85802559273438,27.02,USD
2026-02-20,res-1847,EC2 (Compute),Data Science,Prod,33.969447357124714,31.49,USD
2026-01-07,res-4763,EC2 (Compute),Sales,Prod,52.68211593394656,20.4,USD
2026-03-31,res-5552,RDS (Database),Sales,Dev,60.96546235800007,45.34,USD
2026-03-12,res-8716,CloudFront (CDN),Engineering,Staging,50.78015414353765,3.52,USD
2026-03-11,res-4182,Lambda (Serverless),Sales,Staging,97.73130416052028,35.66,USD
2026-02-09,res-9851,CloudFront (CDN),Sales,Dev,0.0,192.85,USD
2026-01-31,res-6654,S3 (Storage),Sales,Staging,59.631280968327914,33.69,USD
2026-01-09,res-9872,Lambda (Serverless),Engineering,Dev,10.864145006647078,15.26,USD
2026-02-25,res-6435,CloudFront (CDN),Marketing,Staging,6.424284811326265,41.05,USD
2026-01-21,res-4968,Lambda (Serverless),Data Science,Prod,62.39348952704014,25.76,USD
2026-01-25,res-1611,CloudFront (CDN),,Dev,70.74580578736764,30.42,USD
2026-02-17,res-8195,Lambda (Serverless),Sales,Dev,17.434792877741703,38.24,USD
2026-01-30,res-9616,S3 (Storage),,Staging,36.589385675222886,47.5,USD
2026-01-10,res-7668,EC2 (Compute),Sales,Dev,44.45167807987474,6.16,USD
2026-02-15,res-2986,RDS (Database),Engineering,Prod,96.14033574332812,26.76,USD
2026-01-29,res-1585,CloudFront (CDN),Engineering,Prod,81.62013778752907,46.5,USD
2026-01-07,res-4155,Lambda (Serverless),Engineering,Staging,69.68503498708222,31.95,USD
2026-03-17,res-3200,EC2 (Compute),Sales,Prod,0.0,115.79,USD
2026-03-28,res-8324,CloudFront (CDN),Sales,Staging,97.44406404118634,39.99,USD
2026-01-09,res-1538,S3 (Storage),,Prod,40.39809351964534,39.49,USD
2026-03-03,res-2958,S3 (Storage),Data Science,Staging,55.98553609821118,29.36,USD
2026-01-10,res-2711,CloudFront (CDN),Data Science,Dev,18.99132392165831,16.87,USD
2026-03-24,res-2459,Lambda (Serverless),Sales,Dev,44.592708460289536,23.58,USD
2026-03-13,res-5364,CloudFront (CDN),Engineering,Staging,32.35344708290464,28.93,USD
2026-02-07,res-8240,CloudFront (CDN),Sales,Dev,21.133919633634548,19.94,USD
2026-02-03,res-1940,S3 (Storage),Data Science,Staging,82.18795013963617,25.82,USD
2026-02-08,res-7499,RDS (Database),Sales,Staging,75.67960248299164,49.05,USD
2026-03-17,res-5588,RDS (Database),Engineering,Dev,12.825112093936248,8.38,USD
2026-03-16,res-8527,CloudFront (CDN),Marketing,Prod,76.281351952663,21.81,USD
2026-02-15,res-8428,EC2 (Compute),,Prod,92.49208823081437,36.13,USD
2026-01-07,res-5949,RDS (Database),,Staging,50.06492870241349,47.93,USD
2026-01-28,res-4600,S3 (Storage),Engineering,Staging,22.26844382046144,37.16,USD
2026-02-17,res-2209,RDS (Database),Sales,Staging,95.43943444035784,35.21,USD
2026-02-10,res-2369,RDS (Database),Engineering,Staging,26.853609813490586,24.0,USD
2026-03-16,res-8654,EC2 (Compute),,Prod,46.94419037919442,3.94,USD
2026-03-22,res-9826,RDS (Database),Sales,Staging,7.128287506548903,18.71,USD
2026-03-26,res-8919,EC2 (Compute),Marketing,Dev,52.78215368316513,11.3,USD
2026-03-05,res-2766,EC2 (Compute),Data Science,Prod,68.74924115420595,32.6,USD
2026-03-03,res-2137,CloudFront (CDN),Engineering,Staging,35.12042268982223,16.33,USD
2026-02-16,res-1861,CloudFront (CDN),Engineering,Dev,57.06688308991492,46.61,USD
2026-01-02,res-9254,CloudFront (CDN),Data Science,Staging,53.31189443037645,3.64,USD
2026-02-10,res-4737,RDS (Database),Marketing,Prod,22.40069917260579,7.42,USD
2026-02-03,res-3810,RDS (Database),Engineering,Prod,42.48840068268821,14.08,USD
2026-02-22,res-1863,S3 (Storage),Sales,Dev,56.968066532905354,32.8,USD
2026-03-24,res-4269,S3 (Storage),Marketing,Staging,52.46519979405168,44.1,USD
2026-02-27,res-5941,EC2 (Compute),Engineering,Staging,37.005578427684306,46.82,USD
2026-01-29,res-6956,S3 (Storage),Engineering,Dev,1.3842405856784459,0.86,USD
2026-03-02,res-6768,S3 (Storage),Marketing,Prod,23.615389596309683,41.83,USD
2026-01-16,res-9140,S3 (Storage),Engineering,Staging,83.36375308422977,40.89,USD
2026-02-08,res-2632,S3 (Storage),Marketing,Dev,68.21889017075495,32.69,USD
2026-01-22,res-1782,EC2 (Compute),Sales,Staging,28.924614528560408,0.15,USD
2026-01-27,res-6420,RDS (Database),,Dev,43.72192431654565,39.94,USD
2026-03-06,res-8867,EC2 (Compute),Engineering,Dev,81.42633909769113,43.2,USD
2026-02-13,res-7822,EC2 (Compute),Engineering,Dev,25.084473601962113,44.96,USD
2026-03-03,res-7282,Lambda (Serverless),Marketing,Dev,57.49957139703107,41.0,USD
2026-01-28,res-2967,Lambda (Serverless),Sales,Dev,63.85532301375342,30.35,USD
2026-02-11,res-7950,Lambda (Serverless),,Staging,13.476909916746436,10.44,USD
2026-01-12,res-9399,RDS (Database),Sales,Prod,40.19078840940428,35.88,USD
2026-03-17,res-7540,S3 (Storage),Sales,Dev,23.295606661153446,6.47,USD
2026-02-20,res-5256,CloudFront (CDN),Marketing,Staging,88.12112010979735,15.52,USD
2026-03-10,res-2654,Lambda (Serverless),Marketing,Staging,38.40782900189057,41.17,USD
2026-01-02,res-5615,S3 (Storage),Sales,Prod,0.0,136.75,USD
2026-01-09,res-1078,EC2 (Compute),,Dev,74.64685047568996,31.68,USD
2026-01-15,res-1442,CloudFront (CDN),,Prod,19.77711053919029,27.46,USD
2026-02-04,res-8109,CloudFront (CDN),Sales,Prod,45.904966514927075,26.37,USD
2026-02-19,res-3743,Lambda (Serverless),Marketing,Staging,42.16726499509967,45.32,USD
2026-01-09,res-4367,EC2 (Compute),Sales,Prod,85.63264105872949,20.92,USD
2026-03-30,res-2317,EC2 (Compute),Sales,Dev,61.65487372862815,24.29,USD
2026-03-30,res-6909,Lambda (Serverless),Data Science,Prod,68.08487388786106,18.06,USD
2026-01-18,res-5365,S3 (Storage),Marketing,Prod,17.206371536107994,35.23,USD
2026-03-22,res-9006,CloudFront (CDN),Sales,Staging,82.71457312692007,18.68,USD
2026-01-16,res-8003,RDS (Database),Engineering,Prod,93.47920785424321,29.69,USD
2026-03-23,res-1060,Lambda (Serverless),Data Science,Prod,19.883900762623927,43.74,USD
2026-02-17,res-9736,RDS (Database),Marketing,Staging,7.8366775930179635,11.54,USD
2026-02-03,res-5470,EC2 (Compute),,Prod,87.50453827048662,12.02,USD
2026-02-20,res-9908,S3 (Storage),Sales,Dev,54.395549824126775,36.22,USD
2026-02-16,res-7842,Lambda (Serverless),Data Science,Staging,0.0,147.22,USD
2026-03-30,res-5090,CloudFront (CDN),Marketing,Prod,99.66299073645962,12.51,USD
2026-02-06,res-6390,RDS (Database),,Staging,23.381074209187435,10.12,USD
2026-03-26,res-5306,Lambda (Serverless),Data Science,Prod,53.47324657135558,40.31,USD
2026-02-17,res-4546,Lambda (Serverless),Sales,Dev,3.175752793757002,14.01,USD
2026-03-14,res-5544,RDS (Database),Sales,Prod,19.919203890731133,12.21,USD
2026-03-10,res-6746,RDS (Database),Marketing,Staging,74.08206853881887,13.53,USD
2026-01-27,res-8299,RDS (Database),Engineering,Staging,99.76601737129604,3.98,USD
2026-01-02,res-6043,Lambda (Serverless),Marketing,Prod,73.10482266428366,16.45,USD
2026-03-15,res-4531,CloudFront (CDN),Marketing,Prod,1.0479227219932201,2.94,USD
2026-02-12,res-1153,EC2 (Compute),Sales,Dev,9.59260617666269,23.54,USD
2026-02-26,res-1309,CloudFront (CDN),,Prod,28.961795693379546,47.58,USD
2026-03-20,res-8565,S3 (Storage),,Dev,66.92032985488308,22.97,USD
2026-01-29,res-8665,EC2 (Compute),,Staging,24.416949831791953,46.83,USD
2026-02-27,res-1133,Lambda (Serverless),Sales,Dev,15.427554190738835,7.92,USD
2026-03-29,res-8147,CloudFront (CDN),Marketing,Dev,81.23017283665857,14.57,USD
2026-02-07,res-2278,RDS (Database),Sales,Staging,58.443343045393135,43.05,USD
2026-03-27,res-2292,CloudFront (CDN),Sales,Dev,39.71599933499763,32.36,USD
2026-01-24,res-9707,Lambda (Serverless),Engineering,Dev,78.1961369307689,11.2,USD
2026-01-01,res-1129,EC2 (Compute),,Dev,79.06048977954458,33.27,USD
2026-01-31,res-5758,EC2 (Compute),,Prod,56.46555622691713,46.79,USD
2026-03-28,res-5199,EC2 (Compute),Engineering,Dev,93.47855217744119,43.85,USD
2026-01-20,res-4380,EC2 (Compute),Engineering,Prod,4.829564743654961,44.08,USD
2026-01-02,res-2922,CloudFront (CDN),,Dev,30.014351341281877,34.51,USD
2026-03-07,res-9064,CloudFront (CDN),Marketing,Dev,43.63438320567263,23.8,USD
2026-03-02,res-1360,EC2 (Compute),Marketing,Prod,38.87164186384101,29.7,USD
2026-01-10,res-7207,S3 (Storage),Sales,Staging,26.735062562342712,44.92,USD
2026-02-18,res-4694,CloudFront (CDN),Data Science,Dev,0.0,140.69,USD
2026-01-26,res-4280,CloudFront (CDN),Data Science,Staging,27.640416930046676,45.19,USD
2026-02-10,res-3735,EC2 (Compute),Marketing,Staging,76.66457402939439,22.92,USD
2026-01-10,res-1804,S3 (Storage),Sales,Staging,95.5947080809215,49.75,USD
2026-03-29,res-2957,CloudFront (CDN),Data Science,Dev,60.9731497327258,32.9,USD
2026-02-25,res-6355,Lambda (Serverless),Engineering,Staging,31.105366827260546,15.04,USD
2026-01-05,res-6014,RDS (Database),Data Science,Staging,50.221487511877704,22.57,USD
2026-04-01,res-5409,CloudFront (CDN),Data Science,Staging,26.22601309670159,44.22,USD
2026-01-15,res-6847,RDS (Database),,Prod,71.81326918158211,41.31,USD
2026-01-31,res-2572,Lambda (Serverless),Marketing,Dev,15.332735842733232,26.12,USD
2026-03-02,res-2846,CloudFront (CDN),Sales,Dev,41.379349506520406,10.59,USD
2026-01-10,res-6508,S3 (Storage),Sales,Dev,0.0,110.82,USD
2026-03-15,res-2431,CloudFront (CDN),Engineering,Prod,68.53577744321949,12.53,USD
2026-02-21,res-4619,Lambda (Serverless),Sales,Dev,24.571292856754223,29.15,USD
2026-01-11,res-1686,CloudFront (CDN),Sales,Staging,39.18591198559182,20.22,USD
2026-03-22,res-4071,S3 (Storage),Engineering,Prod,18.710792415315915,48.07,USD
2026-01-21,res-6751,RDS (Database),Engineering,Staging,88.97991066325432,11.05,USD
2026-03-31,res-9076,EC2 (Compute),,Staging,35.532454848091746,49.99,USD
2026-02-26,res-4226,CloudFront (CDN),Sales,Dev,86.97712390716674,20.57,USD
2026-02-12,res-2490,RDS (Database),Data Science,Dev,61.037794951571364,40.77,USD
2026-02-09,res-6094,S3 (Storage),,Dev,13.258564683464307,33.24,USD
2026-01-10,res-1220,S3 (Storage),Data Science,Staging,92.68911959835192,30.94,USD
2026-01-22,res-4723,CloudFront (CDN),Data Science,Prod,15.915204233470185,33.54,USD
2026-02-08,res-9136,Lambda (Serverless),,Staging,14.905984627279855,43.02,USD
2026-01-07,res-4379,CloudFront (CDN),,Staging,97.10467388198028,30.64,USD
2026-03-12,res-6748,EC2 (Compute),Marketing,Staging,1.6421510084770872,16.69,USD
2026-03-29,res-8938,S3 (Storage),,Prod,45.34966921560341,24.49,USD
2026-01-14,res-6806,EC2 (Compute),Sales,Dev,43.29944442079474,26.08,USD
2026-02-20,res-8942,RDS (Database),Engineering,Staging,10.940563188226378,28.82,USD
2026-03-10,res-3202,CloudFront (CDN),Sales,Prod,19.923519469440514,29.82,USD
2026-03-21,res-4648,RDS (Database),Data Science,Staging,68.90835091475797,42.93,USD
2026-03-02,res-8640,S3 (Storage),Sales,Dev,58.903096535722995,20.13,USD
2026-03-22,res-3802,Lambda (Serverless),Data Science,Staging,3.717010003558952,14.07,USD
2026-02-26,res-5596,RDS (Database),Marketing,Prod,55.9925243580141,15.53,USD
2026-01-13,res-9830,RDS (Database),Marketing,Dev,7.897703640784743,13.83,USD
2026-03-23,res-6123,RDS (Database),,Prod,59.86422929737467,38.16,USD
2026-01-12,res-8952,CloudFront (CDN),,Staging,56.87739617912602,20.76,USD
2026-03-18,res-3085,S3 (Storage),Marketing,Prod,94.38874494560912,7.18,USD
2026-02-11,res-2051,EC2 (Compute),Sales,Prod,56.89662109962781,42.41,USD
2026-02-16,res-8735,CloudFront (CDN),Data Science,Dev,7.559533668240122,33.24,USD
2026-02-16,res-5991,Lambda (Serverless),Data Science,Staging,88.68156933025088,27.53,USD
2026-03-23,res-3961,CloudFront (CDN),Engineering,Dev,37.88123614340707,1.53,USD
2026-01-26,res-8787,EC2 (Compute),Marketing,Staging,20.411648454282904,12.93,USD
2026-01-03,res-9366,EC2 (Compute),,Prod,0.0,96.75,USD
2026-02-01,res-1448,S3 (Storage),Sales,Prod,28.390541269892747,11.36,USD
2026-02-03,res-2305,CloudFront (CDN),Sales,Staging,14.17091283959339,12.02,USD
2026-03-22,res-3132,EC2 (Compute),Sales,Dev,31.342256617172666,9.51,USD
2026-02-25,res-7962,EC2 (Compute),Data Science,Dev,46.67971763030191,25.82,USD
2026-02-07,res-5489,EC2 (Compute),,Dev,26.465110613308724,49.23,USD
2026-03-08,res-2534,CloudFront (CDN),Data Science,Staging,71.42633254213719,30.41,USD
2026-01-16,res-4849,EC2 (Compute),Sales,Staging,22.258034451790472,6.66,USD
2026-03-20,res-7881,EC2 (Compute),Marketing,Prod,0.0,178.71,USD
2026-01-27,res-6573,S3 (Storage),Sales,Prod,8.450164295256275,4.18,USD
2026-01-09,res-5011,Lambda (Serverless),Marketing,Staging,64.38294388307125,7.86,USD
2026-03-15,res-2562,CloudFront (CDN),,Prod,54.68258537467444,21.49,USD
2026-02-25,res-2896,RDS (Database),Data Science,Staging,24.173073833125752,28.37,USD
2026-01-05,res-8805,EC2 (Compute),Marketing,Prod,7.172073923861614,17.94,USD
2026-02-06,res-6373,Lambda (Serverless),Marketing,Staging,87.97179588550877,43.17,USD
2026-01-31,res-5732,CloudFront (CDN),Data Science,Staging,81.15682252589549,37.4,USD
2026-02-24,res-7477,EC2 (Compute),Data Science,Staging,55.89914886504181,23.13,USD
2026-03-27,res-6211,S3 (Storage),Sales,Prod,5.722718923266318,36.3,USD
2026-02-05,res-7753,EC2 (Compute),Marketing,Dev,43.928511033934136,42.89,USD
2026-03-13,res-5596,EC2 (Compute),Sales,Staging,0.0,62.85,USD
2026-03-17,res-1944,Lambda (Serverless),,Dev,15.125581638708729,19.67,USD
2026-02-27,res-4222,S3 (Storage),Engineering,Dev,66.61457267352472,37.23,USD
2026-02-14,res-8184,RDS (Database),Data Science,Dev,42.85461796988142,9.19,USD
2026-03-25,res-4530,EC2 (Compute),Data Science,Dev,23.727504370129513,34.48,USD
2026-04-01,res-7869,CloudFront (CDN),Marketing,Prod,98.06765499048977,0.7,USD
2026-01-05,res-6496,S3 (Storage),Data Science,Prod,77.80525972044288,5.54,USD
2026-03-30,res-3062,S3 (Storage),Engineering,Prod,46.20111724682961,1.29,USD
2026-01-24,res-2802,CloudFront (CDN),Marketing,Staging,83.26056696958621,5.1,USD
2026-03-21,res-5920,EC2 (Compute),Marketing,Prod,1.934289385688447,25.13,USD
2026-01-04,res-1295,Lambda (Serverless),Marketing,Dev,84.5476240970767,30.49,USD
2026-01-10,res-4909,S3 (Storage),Sales,Staging,4.8053387997681725,6.7,USD
2026-01-26,res-5951,EC2 (Compute),Engineering,Staging,11.047157297738597,22.88,USD
2026-02-15,res-9446,CloudFront (CDN),,Prod,14.981993093061996,37.06,USD
2026-02-17,res-4498,RDS (Database),Data Science,Dev,46.37447597634891,12.4,USD
2026-03-25,res-4040,EC2 (Compute),Engineering,Staging,15.296772185927475,9.9,USD
2026-02-09,res-6396,EC2 (Compute),,Prod,45.191309672596816,12.79,USD
2026-03-28,res-3859,Lambda (Serverless),Sales,Dev,51.8717414415034,39.06,USD
2026-01-17,res-3431,Lambda (Serverless),,Dev,18.175724339679768,19.1,USD
2026-03-03,res-4921,Lambda (Serverless),Engineering,Prod,16.614758029371774,43.14,USD
2026-02-14,res-4346,CloudFront (CDN),Data Science,Dev,29.764645321373184,36.34,USD
2026-01-27,res-9515,CloudFront (CDN),Sales,Staging,10.551496922928079,7.49,USD
2026-01-01,res-2631,EC2 (Compute),Sales,Staging,42.56899699042392,1.83,USD
2026-03-28,res-5940,RDS (Database),Marketing,Prod,10.852181268509407,13.97,USD
2026-01-27,res-7923,RDS (Database),Sales,Prod,8.787631007043828,45.21,USD
2026-01-03,res-1913,Lambda (Serverless),Marketing,Prod,90.17221074671954,46.32,USD
2026-02-09,res-3581,CloudFront (CDN),Marketing,Staging,89.12361591106001,5.01,USD
2026-03-23,res-9776,RDS (Database),,Staging,18.571496514445307,2.92,USD
2026-01-30,res-7643,RDS (Database),,Dev,31.401103648511633,45.29,USD
2026-03-17,res-2325,CloudFront (CDN),Marketing,Dev,88.6727879073652,30.7,USD
2026-01-18,res-4831,S3 (Storage),Marketing,Prod,43.318609135979834,49.63,USD
2026-01-31,res-8122,S3 (Storage),,Staging,20.892038886721576,13.31,USD
2026-02-07,res-8716,Lambda (Serverless),Marketing,Dev,87.82430564321739,5.08,USD
2026-02-09,res-8830,Lambda (Serverless),,Staging,93.52276124142544,40.78,USD
2026-03-10,res-4757,S3 (Storage),Engineering,Prod,0.0,141.73,USD
2026-02-22,res-3560,S3 (Storage),Engineering,Dev,35.737501052667476,49.42,USD
2026-03-29,res-7155,S3 (Storage),,Dev,91.35473481753259,0.24,USD
2026-01-14,res-2839,EC2 (Compute),Sales,Dev,25.696710710330972,25.41,USD
2026-01-21,res-1072,RDS (Database),Data Science,Prod,25.251389539036946,1.52,USD
2026-03-12,res-1445,Lambda (Serverless),,Dev,44.32618344372042,27.17,USD
2026-03-11,res-5981,Lambda (Serverless),Data Science,Staging,2.247705370588965,17.15,USD
2026-01-25,res-1059,Lambda (Serverless),Sales,Prod,32.11767244834071,11.49,USD
2026-03-07,res-1623,EC2 (Compute),Sales,Dev,65.55941943737544,1.08,USD
2026-02-09,res-3642,RDS (Database),Sales,Dev,48.54736092034496,22.01,USD
2026-02-04,res-3704,CloudFront (CDN),,Prod,12.63227766419837,29.07,USD
2026-02-01,res-3117,Lambda (Serverless),,Prod,50.85554462070361,49.35,USD
2026-01-23,res-6299,S3 (Storage),Sales,Dev,31.610733547389138,39.5,USD
2026-02-05,res-1909,S3 (Storage),Marketing,Prod,86.47657487353219,30.89,USD
2026-02-14,res-1760,S3 (Storage),Marketing,Staging,80.97939631440808,44.89,USD
2026-02-14,res-1696,CloudFront (CDN),Marketing,Staging,64.45274539995559,47.25,USD
2026-03-31,res-2424,EC2 (Compute),Data Science,Prod,97.02884829278293,15.69,USD
2026-01-05,res-2821,S3 (Storage),Marketing,Dev,26.887345062600225,23.03,USD
2026-03-02,res-4944,EC2 (Compute),Sales,Staging,56.7016269897003,3.29,USD
2026-03-04,res-1658,CloudFront (CDN),Marketing,Prod,13.50896234426683,22.16,USD
2026-01-12,res-7706,Lambda (Serverless),Sales,Dev,55.643873269131774,17.41,USD
2026-03-01,res-3188,CloudFront (CDN),Marketing,Dev,1.877750562603245,42.09,USD
2026-03-12,res-7493,Lambda (Serverless),Sales,Staging,46.74406224168196,39.63,USD
2026-02-04,res-6242,Lambda (Serverless),,Staging,90.64824211242819,4.04,USD
2026-01-15,res-9407,EC2 (Compute),,Dev,14.330870845447336,40.82,USD
2026-03-05,res-1991,Lambda (Serverless),Data Science,Staging,93.91331104554591,1.99,USD
2026-02-21,res-3485,EC2 (Compute),Data Science,Dev,31.811626368824022,44.91,USD
2026-01-04,res-6084,EC2 (Compute),Sales,Dev,78.2623209334443,4.85,USD
2026-03-31,res-9231,EC2 (Compute),Marketing,Prod,52.958302960344305,9.95,USD
2026-01-21,res-4055,RDS (Database),Data Science,Prod,24.51014244100024,10.52,USD
2026-02-16,res-8834,EC2 (Compute),Sales,Staging,76.99075993125709,7.87,USD
2026-03-19,res-7549,RDS (Database),Data Science,Staging,35.68857639049589,18.24,USD
2026-02-12,res-1404,S3 (Storage),Data Science,Dev,93.0807803435826,16.11,USD
2026-03-15,res-9015,CloudFront (CDN),Engineering,Prod,99.9274582100083,11.21,USD
2026-01-14,res-1132,CloudFront (CDN),,Staging,0.0,188.22,USD
2026-02-12,res-6218,Lambda (Serverless),Engineering,Staging,71.57182129234188,6.12,USD
2026-03-15,res-8874,EC2 (Compute),Engineering,Prod,65.13047471238426,9.85,USD
2026-01-23,res-4079,RDS (Database),Data Science,Dev,70.34346495244466,21.23,USD
2026-03-15,res-8127,RDS (Database),,Staging,81.55086433712444,7.8,USD
2026-02-08,res-6650,CloudFront (CDN),Data Science,Staging,30.10465977738086,24.8,USD
2026-03-14,res-7665,RDS (Database),Sales,Prod,51.593055682051435,18.64,USD
2026-01-01,res-3806,S3 (Storage),Engineering,Dev,3.3780768888945825,41.69,USD
2026-03-20,res-1433,CloudFront (CDN),Data Science,Dev,9.220172321010102,20.85,USD
2026-03-05,res-3036,RDS (Database),Sales,Staging,0.0,145.8,USD
2026-03-08,res-5745,S3 (Storage),Marketing,Staging,75.23217514134822,37.14,USD
2026-01-14,res-9049,EC2 (Compute),Engineering,Prod,85.7928408833688,33.14,USD
2026-02-16,res-6617,EC2 (Compute),Sales,Dev,13.880767297433561,18.75,USD
2026-03-26,res-6844,Lambda (Serverless),Marketing,Prod,13.086570071129126,40.8,USD
2026-03-25,res-1823,EC2 (Compute),Engineering,Staging,72.10783503750446,12.35,USD
2026-03-02,res-3440,S3 (Storage),,Staging,47.450056940489794,46.06,USD
2026-01-08,res-9026,Lambda (Serverless),Engineering,Staging,56.30575006769656,31.65,USD
2026-01-20,res-1157,CloudFront (CDN),Marketing,Staging,7.604573863648962,44.25,USD
2026-02-20,res-6819,Lambda (Serverless),Marketing,Dev,31.598047041546725,19.46,USD
2026-02-13,res-9990,S3 (Storage),Engineering,Dev,16.916361997890668,46.97,USD
2026-01-16,res-1333,S3 (Storage),Sales,Prod,44.873883463835924,21.73,USD
2026-01-26,res-5662,Lambda (Serverless),Sales,Staging,33.96954556408069,9.82,USD
2026-02-05,res-2964,EC2 (Compute),Sales,Dev,65.29061674288613,5.45,USD
2026-03-20,res-9697,RDS (Database),Data Science,Staging,80.4028493368204,1.14,USD
2026-01-02,res-1161,RDS (Database),Engineering,Dev,44.37810855086184,23.66,USD
2026-01-26,res-8486,CloudFront (CDN),Marketing,Dev,20.46537909954162,21.62,USD
2026-01-07,res-7736,CloudFront (CDN),Sales,Prod,6.0369168879724215,33.34,USD
2026-02-17,res-7707,S3 (Storage),Marketing,Dev,82.5103582554532,29.81,USD
2026-03-12,res-3421,CloudFront (CDN),Data Science,Dev,84.86831369779107,36.62,USD
2026-02-04,res-3771,CloudFront (CDN),,Prod,80.50078552998352,29.19,USD
2026-03-05,res-7808,S3 (Storage),Engineering,Dev,45.81034262174235,19.05,USD
2026-01-16,res-2689,CloudFront (CDN),Sales,Staging,65.37433574046791,38.98,USD
2026-01-26,res-2306,CloudFront (CDN),,Prod,39.37089988097116,41.35,USD
2026-03-11,res-3822,EC2 (Compute),Data Science,Dev,6.222426163129031,33.45,USD
2026-01-13,res-7019,EC2 (Compute),Data Science,Prod,34.62860219015825,18.94,USD
2026-03-11,res-1247,Lambda (Serverless),Engineering,Dev,40.589010550398555,33.37,USD
2026-02-05,res-7104,EC2 (Compute),Data Science,Staging,20.320892193763697,16.42,USD
2026-01-08,res-9320,Lambda (Serverless),,Prod,82.67789785077684,3.14,USD
2026-03-04,res-1693,Lambda (Serverless),Marketing,Prod,62.070560964243164,42.75,USD
2026-03-30,res-1270,RDS (Database),Sales,Dev,7.1745784475112995,49.59,USD
2026-01-29,res-7212,S3 (Storage),Data Science,Dev,30.494723505335767,16.43,USD
2026-01-17,res-1926,Lambda (Serverless),Engineering,Dev,66.78220085625979,20.04,USD
2026-01-18,res-9962,S3 (Storage),Engineering,Staging,10.330643824839667,44.46,USD
2026-01-30,res-2489,CloudFront (CDN),Data Science,Staging,56.744451000390605,43.91,USD
2026-01-03,res-8471,EC2 (Compute),Marketing,Prod,93.61371521451684,41.25,USD
2026-02-24,res-4149,Lambda (Serverless),Engineering,Staging,89.45451290271868,47.48,USD
2026-01-13,res-5846,S3 (Storage),Marketing,Staging,27.311293461532895,33.93,USD
2026-03-19,res-4906,RDS (Database),Engineering,Prod,9.087496000264512,16.4,USD
2026-03-24,res-8022,RDS (Database),Data Science,Dev,22.179050486721504,10.24,USD
2026-02-12,res-2760,RDS (Database),Engineering,Staging,40.03317592753288,35.95,USD
2026-02-13,res-8016,S3 (Storage),Marketing,Prod,30.419013655798466,42.28,USD
2026-02-13,res-6693,EC2 (Compute),Marketing,Staging,34.49296592861536,14.18,USD
2026-03-22,res-5319,S3 (Storage),Data Science,Staging,0.0,189.93,USD
2026-02-25,res-2081,Lambda (Serverless),Sales,Prod,0.0,138.87,USD
2026-03-14,res-2536,S3 (Storage),Marketing,Staging,63.636555272081864,34.87,USD
2026-02-02,res-3459,RDS (Database),,Staging,95.74123055073524,38.4,USD
2026-01-06,res-4190,RDS (Database),Data Science,Staging,61.84384499782625,43.29,USD
2026-03-23,res-3114,Lambda (Serverless),Sales,Prod,68.75389828932485,26.62,USD
2026-01-22,res-6107,CloudFront (CDN),Marketing,Prod,57.80815948471812,6.98,USD
2026-02-20,res-4016,S3 (Storage),Marketing,Prod,97.62845375034009,47.15,USD
2026-01-20,res-1461,RDS (Database),Engineering,Staging,84.90947380392947,14.57,USD
2026-01-30,res-3790,Lambda (Serverless),Data Science,Dev,1.594410781841177,29.82,USD
2026-02-04,res-4963,RDS (Database),,Staging,29.94794292628766,14.02,USD
2026-01-23,res-4161,EC2 (Compute),,Dev,79.55669119766144,0.11,USD
2026-01-22,res-6194,EC2 (Compute),Engineering,Staging,56.93233543625895,37.21,USD
2026-03-06,res-5830,CloudFront (CDN),Data Science,Staging,88.48856333961702,33.92,USD
2026-03-03,res-7295,Lambda (Serverless),Marketing,Dev,59.30136142258646,35.99,USD
2026-01-02,res-2798,RDS (Database),Data Science,Prod,36.719709311381294,17.02,USD
2026-02-09,res-5159,CloudFront (CDN),Marketing,Prod,97.98341185852973,44.04,USD
2026-03-14,res-2737,RDS (Database),Engineering,Prod,43.160035467416286,5.73,USD
2026-03-10,res-7616,Lambda (Serverless),Engineering,Prod,66.87440277153382,45.71,USD
2026-01-21,res-2195,CloudFront (CDN),Marketing,Prod,1.0399943065266863,10.04,USD
2026-01-30,res-4542,S3 (Storage),Marketing,Dev,86.18828259809968,8.72,USD
2026-02-11,res-7979,Lambda (Serverless),Sales,Dev,64.11385382421128,1.12,USD
2026-03-31,res-7443,CloudFront (CDN),Data Science,Dev,88.9473185459941,20.94,USD
2026-01-09,res-5344,RDS (Database),Engineering,Prod,82.62451010063296,38.93,USD
2026-03-22,res-7719,EC2 (Compute),Sales,Staging,15.886411194731894,26.38,USD
2026-01-05,res-3721,RDS (Database),Data Science,Staging,76.99582340842996,25.45,USD
2026-03-11,res-4529,EC2 (Compute),,Staging,53.413824069053256,45.21,USD
2026-01-02,res-5560,RDS (Database),Data Science,Dev,56.84244097076468,29.74,USD
2026-01-26,res-2729,Lambda (Serverless),Marketing,Prod,5.28972923309178,43.43,USD
2026-02-13,res-9262,EC2 (Compute),,Dev,86.61255563635177,6.97,USD
2026-02-20,res-2321,RDS (Database),Data Science,Prod,68.93764341380295,37.53,USD
2026-04-01,res-6184,RDS (Database),Engineering,Prod,84.41847712612996,3.9,USD
2026-02-19,res-6476,RDS (Database),Engineering,Prod,7.366409377204315,24.03,USD
2026-01-23,res-8225,EC2 (Compute),Sales,Prod,98.06740452802613,3.33,USD
2026-02-11,res-6201,S3 (Storage),Engineering,Prod,2.3773540309174015,34.95,USD
2026-01-02,res-3326,RDS (Database),Data Science,Staging,29.801783798033117,20.14,USD
2026-02-19,res-1416,EC2 (Compute),Sales,Prod,31.85220014083995,10.29,USD
2026-01-30,res-5074,Lambda (Serverless),Data Science,Prod,70.87795647095895,6.31,USD
2026-03-15,res-9054,EC2 (Compute),Sales,Staging,75.01486767153291,27.09,USD
2026-01-03,res-8017,EC2 (Compute),,Prod,45.678740695404855,35.99,USD
2026-02-05,res-5063,S3 (Storage),Data Science,Dev,24.84325019310534,2.46,USD
2026-03-28,res-8742,S3 (Storage),Marketing,Staging,66.41274563985458,48.51,USD
2026-03-10,res-3080,S3 (Storage),Marketing,Prod,55.32511862891505,18.31,USD
2026-02-14,res-3854,Lambda (Serverless),Sales,Staging,51.83191767872122,43.01,USD
2026-01-06,res-4415,EC2 (Compute),Engineering,Prod,0.0,117.74,USD
2026-03-07,res-8129,S3 (Storage),Data Science,Dev,31.68060798708052,47.52,USD
2026-01-19,res-2759,Lambda (Serverless),Marketing,Staging,44.43839466148301,12.58,USD
2026-02-28,res-3398,CloudFront (CDN),Marketing,Dev,53.907930726200476,44.88,USD
2026-01-13,res-8437,EC2 (Compute),Engineering,Staging,20.882319801299992,44.84,USD
2026-02-04,res-8734,CloudFront (CDN),Sales,Prod,35.25850784185393,32.1,USD
2026-01-29,res-4833,Lambda (Serverless),Sales,Dev,4.754124245209989,6.7,USD
2026-02-09,res-9852,CloudFront (CDN),Engineering,Dev,63.63045774689878,38.02,USD
2026-03-28,res-3571,EC2 (Compute),,Prod,66.90975442607841,5.66,USD
2026-01-19,res-9658,S3 (Storage),,Dev,48.11972279200341,45.03,USD
2026-02-26,res-5103,CloudFront (CDN),Data Science,Staging,15.719010591302357,9.62,USD
2026-02-01,res-3773,S3 (Storage),Marketing,Dev,58.44543043148788,29.59,USD
2026-02-09,res-5505,Lambda (Serverless),Engineering,Prod,76.74478418133418,28.96,USD
2026-02-11,res-3368,S3 (Storage),Marketing,Dev,95.90651065236574,11.84,USD
2026-03-02,res-9008,EC2 (Compute),Sales,Prod,73.54930083271493,44.07,USD
2026-02-05,res-2312,Lambda (Serverless),Engineering,Prod,43.52773202086309,20.18,USD
2026-01-05,res-7445,Lambda (Serverless),Marketing,Staging,62.36621026863474,17.52,USD
2026-01-30,res-7558,Lambda (Serverless),Engineering,Staging,35.44173486828745,39.05,USD
2026-03-27,res-8878,RDS (Database),Engineering,Staging,12.754331249636493,18.5,USD
2026-02-28,res-4382,Lambda (Serverless),Marketing,Dev,3.0489928000941435,6.87,USD
2026-02-10,res-5361,S3 (Storage),Data Science,Staging,39.629944914159104,25.97,USD
2026-02-22,res-5588,S3 (Storage),,Dev,10.385929762038739,40.78,USD
2026-03-09,res-6591,S3 (Storage),Data Science,Dev,35.30793883231233,49.48,USD
2026-03-20,res-6769,RDS (Database),Sales,Prod,30.672730045656934,36.14,USD
2026-01-07,res-5459,S3 (Storage),Data Science,Dev,28.80839553489438,40.56,USD
2026-01-22,res-3567,S3 (Storage),Data Science,Dev,67.23803786739063,28.14,USD
2026-02-13,res-3898,RDS (Database),Data Science,Prod,95.09187524329302,43.15,USD
2026-01-05,res-5298,EC2 (Compute),Data Science,Prod,35.00327444865484,34.06,USD
2026-03-15,res-1610,CloudFront (CDN),Data Science,Staging,97.23324737045756,36.27,USD
2026-01-18,res-9409,Lambda (Serverless),Engineering,Dev,88.00133278792,38.56,USD
2026-02-20,res-3765,CloudFront (CDN),Data Science,Prod,90.50585165021505,44.35,USD
2026-01-12,res-1152,S3 (Storage),Engineering,Dev,49.78886105520632,48.63,USD
2026-03-17,res-6470,EC2 (Compute),Data Science,Dev,55.34443180699602,7.43,USD
2026-02-13,res-3874,Lambda (Serverless),Sales,Staging,38.80995842555827,5.52,USD
2026-01-03,res-1038,CloudFront (CDN),Sales,Dev,7.691015882694904,22.69,USD
2026-03-18,res-7877,EC2 (Compute),Engineering,Staging,23.84050840549946,16.3,USD
2026-03-26,res-8528,S3 (Storage),Data Science,Staging,0.0,76.51,USD
2026-01-13,res-6228,CloudFront (CDN),Data Science,Prod,19.814215507016367,0.6,USD
2026-02-23,res-5844,CloudFront (CDN),,Staging,94.90276261851547,38.42,USD
2026-02-19,res-5061,Lambda (Serverless),Engineering,Dev,42.3741915416195,42.52,USD
2026-01-19,res-9952,S3 (Storage),Marketing,Prod,36.94985110370825,6.77,USD
2026-02-19,res-7148,S3 (Storage),Marketing,Staging,94.4982183869058,32.77,USD
2026-01-04,res-3737,EC2 (Compute),Data Science,Staging,64.51875689957427,28.53,USD
2026-02-24,res-3336,CloudFront (CDN),Sales,Dev,80.99235566513202,35.02,USD
2026-03-03,res-7681,RDS (Database),Engineering,Staging,28.02127173601241,26.24,USD
2026-02-22,res-2049,S3 (Storage),Sales,Prod,50.143087828809115,18.15,USD
2026-02-11,res-1477,S3 (Storage),Engineering,Prod,75.86618725992162,21.38,USD
2026-01-17,res-6429,EC2 (Compute),Data Science,Staging,54.77754149727847,48.46,USD
2026-02-27,res-4576,S3 (Storage),,Prod,92.95612422280625,20.83,USD
2026-02-06,res-3398,RDS (Database),Sales,Dev,74.67195959762945,49.94,USD
2026-01-06,res-8412,S3 (Storage),Engineering,Dev,4.838775811654163,38.1,USD
2026-02-02,res-9616,RDS (Database),,Dev,36.27224892460093,45.34,USD
2026-01-09,res-8522,CloudFront (CDN),Sales,Prod,53.62119366915857,30.6,USD
2026-01-11,res-5849,S3 (Storage),,Dev,39.00590581565112,23.24,USD
2026-03-16,res-3192,EC2 (Compute),Data Science,Prod,1.3296663691205293,28.07,USD
2026-03-14,res-8268,S3 (Storage),,Dev,1.8000699738498795,11.85,USD
2026-01-27,res-2574,Lambda (Serverless),Marketing,Prod,47.01245275396536,48.18,USD
2026-02-03,res-9526,RDS (Database),Marketing,Prod,96.9438346854631,9.58,USD
2026-02-24,res-1550,RDS (Database),,Staging,68.83440831206873,39.46,USD
2026-02-08,res-9470,EC2 (Compute),Marketing,Staging,13.766194144391772,27.12,USD
2026-03-01,res-4583,Lambda (Serverless),Data Science,Staging,55.92703501295762,35.64,USD
2026-01-07,res-1118,EC2 (Compute),Data Science,Prod,63.64753848184325,18.29,USD
2026-03-01,res-8564,CloudFront (CDN),Engineering,Staging,0.0,135.15,USD
2026-02-22,res-6368,Lambda (Serverless),Data Science,Dev,27.88345516432108,22.97,USD
2026-02-08,res-4819,Lambda (Serverless),Data Science,Prod,26.68918942608633,17.53,USD
2026-03-22,res-6449,Lambda (Serverless),Marketing,Dev,53.356920021129454,33.79,USD
2026-01-08,res-2309,RDS (Database),,Staging,26.465329407873934,29.28,USD
2026-02-01,res-2156,Lambda (Serverless),Marketing,Prod,41.956167327845314,0.95,USD
2026-03-26,res-1801,CloudFront (CDN),Engineering,Staging,59.46492450013881,9.46,USD
2026-03-15,res-7602,EC2 (Compute),Data Science,Dev,86.57755450739931,29.31,USD
2026-03-10,res-7465,EC2 (Compute),Sales,Staging,25.250794671251903,16.41,USD
2026-02-28,res-1632,Lambda (Serverless),Data Science,Dev,48.51507949421021,6.23,USD
2026-02-26,res-7141,RDS (Database),Engineering,Dev,35.633934326289584,40.95,USD
2026-03-17,res-5408,S3 (Storage),Data Science,Dev,10.21666172245933,29.94,USD
2026-01-06,res-9783,S3 (Storage),Sales,Dev,0.0,97.9,USD
2026-01-01,res-8944,RDS (Database),Data Science,Prod,75.00310375981708,15.81,USD
2026-03-14,res-9561,Lambda (Serverless),,Dev,54.21623362861859,3.4,USD
2026-03-16,res-6609,S3 (Storage),Sales,Prod,75.56465218162376,6.67,USD
2026-02-22,res-1233,EC2 (Compute),Sales,Staging,57.851359664138016,43.57,USD
2026-03-19,res-8375,EC2 (Compute),Data Science,Staging,17.376014761453995,20.1,USD
2026-01-04,res-3246,RDS (Database),Data Science,Staging,36.56969881796065,24.51,USD
2026-02-18,res-7704,Lambda (Serverless),,Staging,91.6531276770499,40.5,USD
2026-03-19,res-1062,S3 (Storage),Data Science,Dev,85.84678176012191,29.36,USD
2026-01-21,res-6951,Lambda (Serverless),Sales,Prod,55.41798531064436,16.33,USD
2026-02-04,res-3771,S3 (Storage),Sales,Prod,3.9918951896406862,16.82,USD
2026-02-22,res-5819,Lambda (Serverless),Marketing,Dev,53.73760467410027,49.47,USD
2026-02-28,res-4135,RDS (Database),Data Science,Staging,9.408942382629748,11.89,USD
2026-01-26,res-6712,S3 (Storage),,Dev,60.2269838789302,42.48,USD
2026-01-31,res-6405,RDS (Database),Engineering,Dev,60.95358767118551,42.17,USD
2026-01-26,res-6900,CloudFront (CDN),Marketing,Prod,35.49161483641561,9.44,USD
2026-02-17,res-5466,RDS (Database),Data Science,Staging,26.694571143632317,47.79,USD
2026-02-06,res-2219,EC2 (Compute),Engineering,Prod,75.71080826205242,12.31,USD
2026-01-09,res-1309,S3 (Storage),Data Science,Staging,94.17137085635258,33.57,USD
2026-04-01,res-6427,EC2 (Compute),Engineering,Staging,64.91841243102971,1.34,USD
2026-03-24,res-1284,S3 (Storage),,Prod,96.2899886368904,14.69,USD
2026-01-20,res-1373,S3 (Storage),,Staging,74.18991575440658,49.62,USD
2026-01-08,res-8169,EC2 (Compute),Data Science,Staging,57.76407492554887,22.66,USD
2026-03-27,res-3038,S3 (Storage),Data Science,Prod,48.076214894183,31.51,USD
2026-03-03,res-4328,Lambda (Serverless),Marketing,Staging,90.52733540055688,48.38,USD
2026-02-04,res-9471,S3 (Storage),,Prod,56.33619547295529,32.43,USD
2026-03-28,res-1609,EC2 (Compute),Marketing,Dev,53.786552926792176,32.37,USD
2026-03-15,res-6983,CloudFront (CDN),Data Science,Dev,66.81244776210737,33.87,USD
2026-01-30,res-5298,Lambda (Serverless),Sales,Prod,65.25211483527286,16.39,USD
2026-03-24,res-7076,EC2 (Compute),,Prod,30.513631373650757,49.4,USD
2026-02-06,res-9487,CloudFront (CDN),Engineering,Staging,0.0,174.7,USD
2026-01-09,res-1415,RDS (Database),Marketing,Dev,2.2371896576364723,32.14,USD
2026-01-06,res-2761,RDS (Database),Sales,Staging,56.59205332953219,42.83,USD
2026-02-07,res-1124,S3 (Storage),,Prod,85.23131697660085,45.83,USD
2026-03-12,res-6758,EC2 (Compute),Engineering,Staging,42.22794758627072,43.48,USD
2026-02-18,res-5355,Lambda (Serverless),Marketing,Dev,81.18298734729095,14.69,USD
2026-02-03,res-5968,Lambda (Serverless),Sales,Staging,46.59378946826423,26.47,USD
2026-01-03,res-7299,Lambda (Serverless),,Dev,54.65408126309354,43.16,USD
2026-02-26,res-4803,CloudFront (CDN),Marketing,Dev,7.797071884627024,22.96,USD
2026-03-26,res-9449,CloudFront (CDN),Sales,Staging,36.19181582586919,34.52,USD
2026-02-20,res-1809,CloudFront (CDN),,Dev,14.596408140494939,47.18,USD
2026-01-19,res-2978,RDS (Database),,Prod,8.258891170991843,5.44,USD
2026-01-11,res-8904,RDS (Database),,Dev,77.64838320446884,47.8,USD
2026-01-25,res-7962,EC2 (Compute),Marketing,Staging,29.457769475308837,13.64,USD
2026-02-27,res-3427,Lambda (Serverless),Engineering,Prod,43.50505647445369,43.84,USD
2026-01-29,res-7404,CloudFront (CDN),Engineering,Dev,0.0,129.33,USD
2026-03-04,res-5469,RDS (Database),Sales,Prod,17.405136066587904,44.58,USD
2026-02-15,res-7291,RDS (Database),Marketing,Dev,0.0,70.86,USD
2026-02-14,res-8350,CloudFront (CDN),,Prod,82.28690870072377,21.26,USD
2026-03-10,res-6960,RDS (Database),,Dev,37.49848975385729,21.57,USD
2026-02-05,res-4943,S3 (Storage),Sales,Staging,87.55797473914606,30.13,USD
2026-01-12,res-6387,RDS (Database),Marketing,Dev,28.416613078666042,6.53,USD
2026-02-21,res-7643,CloudFront (CDN),Sales,Prod,32.58379355388557,0.65,USD
2026-01-08,res-9977,RDS (Database),Data Science,Dev,0.0,86.44,USD
2026-04-01,res-8068,CloudFront (CDN),Data Science,Staging,68.38626344277671,22.08,USD
2026-01-19,res-9478,EC2 (Compute),,Staging,8.997373101695235,25.64,USD
2026-03-15,res-9199,Lambda (Serverless),Data Science,Dev,77.78766349155296,26.37,USD
2026-03-30,res-2275,Lambda (Serverless),Engineering,Prod,33.53200495629157,35.1,USD
2026-03-31,res-7151,EC2 (Compute),Marketing,Prod,74.04394942326269,8.54,USD
2026-01-07,res-9089,RDS (Database),Sales,Dev,3.604734207843728,27.7,USD
2026-01-01,res-1298,Lambda (Serverless),Sales,Dev,22.65529839227226,15.1,USD
2026-03-30,res-7472,RDS (Database),Data Science,Prod,95.79353787515382,44.8,USD
2026-02-25,res-5051,EC2 (Compute),Data Science,Staging,47.563649524894025,34.66,USD
2026-02-03,res-3872,S3 (Storage),Marketing,Dev,59.746589418257486,45.82,USD
2026-03-24,res-2202,EC2 (Compute),Data Science,Staging,73.4950407703796,14.93,USD
2026-01-26,res-9669,RDS (Database),Marketing,Prod,90.85766970917575,19.83,USD
2026-03-21,res-2491,S3 (Storage),Data Science,Staging,70.5303368387408,29.41,USD
2026-01-09,res-1899,S3 (Storage),Sales,Prod,5.036651393406069,44.29,USD
2026-01-12,res-5477,EC2 (Compute),Engineering,Prod,97.03133639190396,17.43,USD
2026-03-28,res-9632,Lambda (Serverless),Engineering,Dev,10.168878780771433,24.95,USD
2026-01-29,res-3541,CloudFront (CDN),,Staging,22.709297826611017,35.36,USD
2026-03-03,res-1187,S3 (Storage),Data Science,Prod,60.00763833097864,33.65,USD
2026-01-14,res-8231,S3 (Storage),Sales,Dev,99.64690764386815,0.41,USD
2026-02-16,res-3497,RDS (Database),,Staging,20.62741755884353,0.2,USD
2026-03-10,res-6175,Lambda (Serverless),Data Science,Dev,9.903850418748531,35.86,USD
2026-01-21,res-7997,RDS (Database),,Staging,44.53138571435793,38.38,USD
2026-03-20,res-8436,Lambda (Serverless),Engineering,Dev,2.1276520264638132,39.06,USD
2026-02-07,res-1661,CloudFront (CDN),,Dev,7.40521606196779,6.87,USD
2026-01-26,res-8911,RDS (Database),Marketing,Prod,80.65646538598911,40.4,USD
2026-01-18,res-9913,Lambda (Serverless),Marketing,Dev,91.96782302906976,46.02,USD
2026-02-15,res-8583,EC2 (Compute),Data Science,Dev,95.02839034962908,48.48,USD
2026-03-15,res-1483,RDS (Database),Data Science,Prod,20.35548662566083,45.79,USD
2026-03-18,res-3329,RDS (Database),Engineering,Dev,63.40847850782606,49.18,USD
2026-01-24,res-1389,S3 (Storage),Sales,Dev,6.865197038161747,1.58,USD
2026-04-01,res-2452,EC2 (Compute),Engineering,Dev,5.397397689624743,36.94,USD
2026-01-19,res-3505,RDS (Database),Marketing,Prod,2.2211854099386517,13.24,USD
2026-03-24,res-7228,CloudFront (CDN),,Staging,99.74687634712217,35.34,USD
2026-01-04,res-1248,Lambda (Serverless),,Dev,53.88032467937352,29.65,USD
2026-02-17,res-4987,S3 (Storage),Engineering,Prod,70.0226354091518,8.11,USD
2026-03-01,res-1999,Lambda (Serverless),Data Science,Staging,54.838402851706014,5.5,USD
2026-03-16,res-6165,S3 (Storage),Marketing,Staging,0.0,192.24,USD
2026-01-18,res-8322,S3 (Storage),Marketing,Prod,3.587021718238917,29.31,USD
2026-01-07,res-2418,Lambda (Serverless),,Dev,34.60813616183406,13.74,USD
2026-02-15,res-7618,EC2 (Compute),Sales,Prod,46.06662568716072,49.94,USD
2026-01-03,res-7807,S3 (Storage),Engineering,Dev,20.77393517407408,35.75,USD
2026-03-28,res-4289,RDS (Database),Sales,Prod,54.272175622780665,15.16,USD
2026-01-26,res-1196,Lambda (Serverless),Sales,Prod,71.08263673497494,41.14,USD
2026-01-24,res-3230,RDS (Database),Data Science,Staging,39.678606714535015,21.61,USD
2026-03-29,res-9176,CloudFront (CDN),Engineering,Prod,82.99408948576011,5.13,USD
2026-03-27,res-3969,Lambda (Serverless),Sales,Dev,38.68656171214922,36.08,USD
2026-02-10,res-5038,RDS (Database),Data Science,Staging,51.277825876159326,4.07,USD
2026-03-19,res-7268,CloudFront (CDN),Engineering,Staging,34.784046413086784,45.57,USD
2026-03-20,res-4878,EC2 (Compute),Marketing,Staging,68.85563928315266,47.87,USD
2026-01-25,res-4716,CloudFront (CDN),Sales,Dev,28.39738095938999,21.43,USD
2026-01-09,res-3535,RDS (Database),Sales,Staging,13.752309830881892,21.17,USD
2026-01-24,res-4715,RDS (Database),Engineering,Dev,47.34685048456017,11.09,USD
2026-03-09,res-6436,EC2 (Compute),Data Science,Dev,84.71327105782785,36.68,USD
2026-03-13,res-6549,Lambda (Serverless),Data Science,Prod,49.84278608568153,40.61,USD
2026-03-01,res-9359,S3 (Storage),Data Science,Prod,0.0,134.18,USD
2026-01-14,res-7319,S3 (Storage),,Staging,60.52264238121687,11.35,USD
2026-01-09,res-7407,Lambda (Serverless),Engineering,Prod,24.354918049160805,22.88,USD
2026-03-22,res-7619,RDS (Database),Sales,Staging,76.72802068993951,3.76,USD
2026-02-15,res-5311,Lambda (Serverless),Marketing,Dev,36.88515973355542,22.19,USD
2026-01-16,res-5015,Lambda (Serverless),Data Science,Dev,71.32152095939782,13.62,USD
2026-01-08,res-3850,EC2 (Compute),Data Science,Prod,68.53267082694585,3.67,USD
2026-01-26,res-3993,EC2 (Compute),Marketing,Dev,62.75491402077421,37.54,USD
2026-03-05,res-5773,Lambda (Serverless),,Staging,4.692231610445871,11.5,USD
2026-03-09,res-8495,CloudFront (CDN),Engineering,Dev,94.51699615705564,5.62,USD
2026-01-20,res-5352,CloudFront (CDN),Engineering,Staging,52.40041578797847,36.19,USD
2026-03-16,res-4239,EC2 (Compute),Sales,Prod,92.16247333038069,31.15,USD
2026-02-02,res-6787,RDS (Database),Sales,Staging,20.17441377321269,27.44,USD
2026-03-14,res-5774,S3 (Storage),Marketing,Dev,62.29117484949668,43.09,USD
2026-01-08,res-2438,Lambda (Serverless),,Dev,9.201243874662522,2.01,USD
2026-01-14,res-9177,RDS (Database),,Dev,15.424270361191889,1.84,USD
2026-03-12,res-1339,RDS (Database),Marketing,Dev,57.404695062342725,7.19,USD
2026-03-20,res-4796,Lambda (Serverless),Marketing,Prod,26.508102534858256,38.73,USD
2026-02-20,res-7328,RDS (Database),Marketing,Prod,26.878337446507487,6.67,USD
2026-01-01,res-7589,Lambda (Serverless),Marketing,Dev,31.767874976074705,28.32,USD
2026-01-22,res-6142,CloudFront (CDN),Data Science,Prod,12.24677834294632,2.1,USD
2026-02-05,res-4225,EC2 (Compute),Data Science,Dev,99.54467243850033,27.22,USD
2026-02-14,res-9757,RDS (Database),Data Science,Staging,18.93814009451223,20.14,USD
2026-03-04,res-9627,RDS (Database),Sales,Staging,0.0,112.75,USD
2026-03-05,res-2438,EC2 (Compute),Engineering,Prod,25.898464303749243,18.03,USD
2026-01-04,res-6544,CloudFront (CDN),Marketing,Staging,84.02155650370814,40.93,USD
2026-02-16,res-6594,CloudFront (CDN),Engineering,Prod,42.18516561857331,40.56,USD
2026-01-03,res-6752,S3 (Storage),Marketing,Prod,4.491339223128808,20.36,USD
2026-02-07,res-9748,S3 (Storage),Marketing,Prod,57.29170776094427,24.23,USD
2026-01-27,res-4979,CloudFront (CDN),Sales,Prod,20.188893590904282,49.89,USD
2026-01-06,res-1745,S3 (Storage),Sales,Dev,49.11750979259091,46.45,USD
2026-02-19,res-6411,RDS (Database),Engineering,Staging,81.68840974929886,39.23,USD
2026-03-31,res-3103,EC2 (Compute),Engineering,Staging,93.98208444490675,42.21,USD
2026-01-05,res-8731,S3 (Storage),Sales,Dev,26.652816371238302,27.43,USD
2026-01-31,res-8488,S3 (Storage),Sales,Prod,6.374540963325495,28.55,USD
2026-03-23,res-9979,Lambda (Serverless),Engineering,Dev,59.4818312929117,42.64,USD
2026-02-07,res-3056,RDS (Database),,Staging,97.09095360061812,45.12,USD
2026-02-14,res-3408,CloudFront (CDN),Data Science,Staging,70.95469259394264,5.37,USD
2026-02-26,res-8367,S3 (Storage),,Staging,91.2206792646703,41.58,USD
2026-01-03,res-5704,EC2 (Compute),Marketing,Staging,92.8014913593954,4.95,USD
2026-03-06,res-3212,EC2 (Compute),Data Science,Prod,24.834615593189685,17.74,USD
2026-01-07,res-2677,RDS (Database),Data Science,Staging,80.40643551130024,49.03,USD
2026-02-01,res-4713,CloudFront (CDN),Sales,Dev,52.14550409333816,34.74,USD
2026-01-24,res-8182,CloudFront (CDN),Engineering,Staging,0.0,168.67,USD
2026-02-01,res-5516,S3 (Storage),Data Science,Staging,9.770933412772138,6.24,USD
2026-02-05,res-5554,CloudFront (CDN),Engineering,Staging,70.06120617589539,20.5,USD
2026-01-29,res-6716,RDS (Database),Data Science,Staging,45.89766414879743,46.9,USD
2026-03-27,res-1350,RDS (Database),Engineering,Prod,7.1503335127032095,49.04,USD
2026-01-09,res-2846,S3 (Storage),Sales,Staging,16.7670740371356,18.46,USD
2026-01-14,res-9964,RDS (Database),Marketing,Staging,35.5024928392845,8.89,USD
2026-02-23,res-3855,Lambda (Serverless),Marketing,Prod,26.59958348911928,31.02,USD
2026-01-09,res-8771,CloudFront (CDN),Marketing,Staging,73.23857698375404,10.44,USD
2026-02-07,res-9775,CloudFront (CDN),Marketing,Staging,78.74375749960296,19.8,USD
2026-04-01,res-7509,CloudFront (CDN),,Dev,0.0,152.49,USD
2026-03-10,res-5655,CloudFront (CDN),,Dev,84.90489924018246,45.26,USD
2026-01-12,res-8685,CloudFront (CDN),,Staging,52.62245221388316,47.51,USD
2026-02-19,res-3359,RDS (Database),,Staging,50.171698163102995,24.93,USD
2026-01-15,res-8307,S3 (Storage),,Staging,71.0526140696944,30.02,USD
2026-02-24,res-4039,Lambda (Serverless),,Prod,64.53992131895738,42.62,USD
2026-01-02,res-9246,CloudFront (CDN),Marketing,Staging,49.01091145899437,34.18,USD
2026-01-10,res-7015,CloudFront (CDN),Data Science,Staging,17.415034597361878,17.87,USD
2026-03-12,res-4669,EC2 (Compute),Data Science,Dev,0.0,198.01,USD
2026-02-09,res-6880,EC2 (Compute),Marketing,Dev,41.48052499044372,14.41,USD
2026-03-01,res-5406,S3 (Storage),Engineering,Staging,96.22659894251873,21.5,USD
2026-03-18,res-5424,RDS (Database),,Staging,83.48529368315965,15.6,USD
2026-03-23,res-9416,CloudFront (CDN),,Staging,73.69491531868464,37.58,USD
2026-02-14,res-2499,S3 (Storage),,Prod,0.0,181.76,USD
2026-01-03,res-3212,S3 (Storage),Sales,Dev,77.65492101290405,47.17,USD
2026-03-19,res-2992,EC2 (Compute),Engineering,Prod,73.68490777195431,26.81,USD
2026-02-15,res-6603,Lambda (Serverless),,Dev,40.26600126480728,11.25,USD
2026-02-25,res-2594,S3 (Storage),Sales,Prod,84.3257649843292,26.59,USD
2026-02-04,res-7677,Lambda (Serverless),Engineering,Prod,27.52640512364945,21.39,USD
2026-02-01,res-5991,CloudFront (CDN),Marketing,Dev,90.06370439032911,33.76,USD
2026-03-24,res-1072,EC2 (Compute),Marketing,Prod,9.306659799398052,47.15,USD
2026-03-28,res-4841,CloudFront (CDN),Data Science,Staging,9.051620356038185,14.11,USD
2026-03-28,res-3711,RDS (Database),Sales,Dev,66.57953343838686,10.67,USD
2026-01-28,res-9737,S3 (Storage),Marketing,Dev,72.23698328487137,18.86,USD
2026-01-01,res-3238,CloudFront (CDN),Engineering,Staging,11.1588558299093,7.21,USD
2026-02-20,res-7790,S3 (Storage),,Prod,35.916558322415604,4.82,USD
2026-01-07,res-6258,Lambda (Serverless),Sales,Dev,21.176133749952406,4.41,USD
2026-03-05,res-8856,CloudFront (CDN),,Staging,90.84449961548603,15.98,USD
2026-02-16,res-3101,Lambda (Serverless),Marketing,Dev,6.519041543908481,12.79,USD
2026-03-23,res-9048,Lambda (Serverless),,Prod,60.058848637004246,28.68,USD
2026-03-18,res-4642,EC2 (Compute),Engineering,Dev,74.69964941944254,35.03,USD
2026-02-04,res-2149,S3 (Storage),Marketing,Prod,64.4179041888268,10.41,USD
2026-03-29,res-3594,CloudFront (CDN),Marketing,Dev,85.16645524504237,27.59,USD
2026-04-01,res-3938,CloudFront (CDN),,Prod,25.938781302967126,5.99,USD
2026-03-19,res-3375,EC2 (Compute),Data Science,Prod,27.752641957983816,40.63,USD
2026-01-06,res-5150,RDS (Database),Marketing,Prod,32.89872053828466,48.51,USD
2026-01-01,res-1450,S3 (Storage),Data Science,Staging,11.85659077405003,24.2,USD
2026-02-04,res-6148,RDS (Database),Sales,Dev,10.852246036023876,12.7,USD
2026-03-16,res-5137,S3 (Storage),Data Science,Dev,64.58318533161412,22.97,USD
2026-03-02,res-7325,EC2 (Compute),Engineering,Dev,0.0,190.69,USD
2026-02-02,res-3327,Lambda (Serverless),Sales,Staging,91.9323685096477,3.07,USD
2026-01-04,res-7566,Lambda (Serverless),Data Science,Dev,19.043722565835612,20.16,USD
2026-01-30,res-8580,S3 (Storage),Marketing,Prod,70.97472274109761,16.67,USD
2026-02-06,res-8501,EC2 (Compute),Data Science,Staging,33.31209703281051,7.01,USD
2026-02-01,res-6384,CloudFront (CDN),Engineering,Prod,99.77193987487733,5.74,USD
2026-01-06,res-9270,S3 (Storage),Sales,Prod,85.015855670497,2.41,USD
2026-01-11,res-9267,Lambda (Serverless),Engineering,Dev,31.30118595591465,19.37,USD
2026-02-02,res-5578,CloudFront (CDN),Sales,Dev,24.455899216454668,0.77,USD
2026-02-17,res-3028,CloudFront (CDN),,Staging,97.85471226597217,24.5,USD
2026-02-13,res-4511,EC2 (Compute),Data Science,Staging,24.278136770528526,4.27,USD
2026-02-25,res-6804,RDS (Database),Engineering,Staging,39.032329345631844,35.46,USD
2026-02-12,res-4415,CloudFront (CDN),,Prod,0.0,159.82,USD
2026-02-07,res-2857,RDS (Database),Data Science,Staging,92.47711772807796,39.71,USD
2026-02-04,res-5015,Lambda (Serverless),Marketing,Dev,7.503090593115511,2.69,USD
2026-02-16,res-8079,EC2 (Compute),,Dev,33.58748789221121,11.87,USD
2026-02-26,res-3188,EC2 (Compute),Sales,Dev,46.28339998081699,49.94,USD
2026-01-12,res-1184,EC2 (Compute),,Dev,10.232619779860542,34.0,USD
2026-02-08,res-4892,EC2 (Compute),Sales,Dev,1.9009966313472966,16.08,USD
2026-03-07,res-8106,RDS (Database),Marketing,Staging,65.51373729640906,42.4,USD
2026-01-05,res-6172,RDS (Database),Data Science,Staging,3.4527458037594143,47.78,USD
2026-01-01,res-5982,S3 (Storage),Sales,Prod,52.10573601290241,4.77,USD
2026-03-23,res-9598,CloudFront (CDN),,Dev,46.24403628923381,46.37,USD
2026-03-11,res-3065,Lambda (Serverless),Data Science,Prod,65.75171075766269,18.33,USD
2026-02-19,res-2902,S3 (Storage),Marketing,Prod,65.02709132165504,27.07,USD
2026-01-25,res-7896,RDS (Database),Marketing,Prod,46.79055385170527,8.58,USD
2026-01-05,res-1840,EC2 (Compute),Marketing,Dev,73.68794643997848,40.07,USD
2026-03-17,res-4046,RDS (Database),Marketing,Prod,92.7533874138611,43.11,USD
2026-02-25,res-8632,RDS (Database),Marketing,Dev,99.75591396977846,20.53,USD
2026-03-22,res-4221,CloudFront (CDN),Marketing,Dev,29.974106151585612,19.32,USD
2026-01-01,res-5053,EC2 (Compute),Marketing,Staging,69.98391014955237,15.4,USD
2026-03-25,res-3845,CloudFront (CDN),Marketing,Prod,57.543863359156624,36.47,USD
2026-01-16,res-2286,EC2 (Compute),Engineering,Prod,57.23901774617652,33.2,USD
2026-02-05,res-1766,Lambda (Serverless),Data Science,Staging,87.45108179288427,27.2,USD
2026-03-29,res-4382,S3 (Storage),Engineering,Staging,71.60052627058103,44.7,USD
2026-03-21,res-9602,Lambda (Serverless),Sales,Dev,68.66409667118687,1.63,USD
2026-03-07,res-6331,EC2 (Compute),,Prod,37.461848902358376,34.65,USD
2026-01-23,res-3224,EC2 (Compute),,Dev,20.323673110188402,7.63,USD
2026-03-10,res-7838,RDS (Database),Engineering,Dev,93.55599726464699,18.71,USD
2026-03-23,res-6241,RDS (Database),Engineering,Staging,93.13762851336541,34.98,USD
2026-01-02,res-5153,CloudFront (CDN),Sales,Staging,27.63582968732144,1.45,USD
2026-03-08,res-1289,RDS (Database),Marketing,Staging,19.605349308267154,9.07,USD
2026-01-28,res-5781,EC2 (Compute),Data Science,Dev,81.43331652653471,2.35,USD
2026-01-16,res-7505,S3 (Storage),Data Science,Dev,66.00668520568365,1.08,USD
2026-02-12,res-4288,EC2 (Compute),Sales,Dev,58.11970096328762,25.36,USD
2026-03-26,res-5985,Lambda (Serverless),Marketing,Dev,18.430008839661674,0.86,USD
2026-03-29,res-7250,CloudFront (CDN),Sales,Staging,79.45662259131701,1.02,USD
2026-01-17,res-4505,S3 (Storage),Engineering,Prod,7.009130157578926,34.41,USD
2026-01-08,res-3346,S3 (Storage),Sales,Prod,41.84516648251937,32.22,USD
2026-02-26,res-1138,RDS (Database),Marketing,Prod,70.04603993196882,46.69,USD
2026-03-04,res-2674,CloudFront (CDN),Engineering,Prod,13.415494542086266,14.25,USD
2026-02-02,res-6154,Lambda (Serverless),Data Science,Prod,88.64047698091568,33.22,USD
2026-03-10,res-4669,Lambda (Serverless),Marketing,Dev,34.46549206923856,9.72,USD
2026-01-28,res-5554,Lambda (Serverless),Engineering,Dev,48.1441898167512,33.58,USD
2026-01-09,res-2752,EC2 (Compute),Engineering,Dev,45.65276285469879,27.06,USD
2026-03-04,res-1627,Lambda (Serverless),Data Science,Dev,76.44556299811916,30.47,USD
2026-03-12,res-9625,CloudFront (CDN),Sales,Prod,34.419830764891216,42.71,USD
2026-01-19,res-6158,RDS (Database),Data Science,Dev,27.036483513515414,45.61,USD
2026-02-04,res-6624,EC2 (Compute),Marketing,Prod,51.180665098398926,41.55,USD
2026-03-18,res-1857,EC2 (Compute),Sales,Prod,70.26699771192091,44.58,USD
2026-02-04,res-8311,RDS (Database),Data Science,Prod,86.76217305152605,11.31,USD
2026-03-13,res-9509,EC2 (Compute),Marketing,Staging,38.842342508774976,29.62,USD
2026-03-09,res-1706,RDS (Database),Sales,Prod,61.014420667350635,41.87,USD
2026-01-08,res-3161,EC2 (Compute),Marketing,Staging,97.0672817906905,32.5,USD
2026-02-18,res-4364,EC2 (Compute),,Dev,58.97795855942968,24.49,USD
2026-03-03,res-4273,CloudFront (CDN),,Prod,12.573315122067273,42.11,USD
2026-02-28,res-5317,RDS (Database),Sales,Dev,76.83472015806454,23.86,USD
2026-02-25,res-6315,RDS (Database),,Dev,90.66983792820304,7.05,USD
2026-02-27,res-3023,S3 (Storage),Sales,Staging,46.910754271353596,8.72,USD
2026-03-15,res-4108,CloudFront (CDN),Engineering,Staging,10.250159758811673,29.38,USD
2026-03-14,res-1032,RDS (Database),Sales,Dev,56.3853023518145,36.05,USD
2026-01-31,res-7416,Lambda (Serverless),Marketing,Prod,91.8826115821837,13.72,USD
2026-01-22,res-3559,CloudFront (CDN),Sales,Prod,50.05294171969225,34.28,USD
2026-03-24,res-1636,CloudFront (CDN),Data Science,Staging,28.083264763675835,6.77,USD
2026-02-09,res-7844,S3 (Storage),,Prod,15.26267573636755,1.81,USD
2026-03-09,res-8442,EC2 (Compute),,Prod,96.91439676528591,35.22,USD
2026-02-01,res-1282,CloudFront (CDN),Engineering,Prod,82.11455432715628,18.37,USD
2026-03-17,res-8007,EC2 (Compute),Sales,Prod,74.74258436314551,13.7,USD
2026-02-15,res-6423,S3 (Storage),Sales,Prod,92.75830628911852,11.73,USD
2026-01-31,res-2005,Lambda (Serverless),Data Science,Prod,37.45905677448111,18.44,USD
2026-01-21,res-1436,Lambda (Serverless),Data Science,Dev,30.340307309458804,32.07,USD
2026-03-13,res-3918,EC2 (Compute),Marketing,Dev,37.52442423391439,17.95,USD
2026-02-22,res-9431,S3 (Storage),,Dev,20.248248711895236,22.61,USD
2026-01-26,res-1050,CloudFront (CDN),Sales,Staging,95.77930821625732,21.61,USD
2026-03-25,res-5871,Lambda (Serverless),Data Science,Dev,45.43549576415111,43.14,USD
2026-02-10,res-8023,Lambda (Serverless),Engineering,Dev,15.158643144349949,22.36,USD
2026-03-05,res-3788,Lambda (Serverless),Engineering,Prod,0.0,127.94,USD
2026-02-05,res-9755,EC2 (Compute),Sales,Staging,93.95081856473274,27.11,USD
2026-01-03,res-5875,EC2 (Compute),,Staging,7.642070202505546,38.29,USD
2026-02-20,res-1198,CloudFront (CDN),,Staging,37.77348232408875,0.41,USD
2026-02-15,res-3090,RDS (Database),Data Science,Dev,23.5889254958518,41.46,USD
2026-02-19,res-7767,S3 (Storage),Sales,Prod,35.672147715548576,29.59,USD
2026-01-24,res-3604,CloudFront (CDN),Marketing,Prod,15.704124465575255,38.27,USD
2026-02-26,res-5026,Lambda (Serverless),,Prod,38.53313595528674,6.93,USD
2026-02-03,res-8557,S3 (Storage),,Dev,82.17037667368497,29.29,USD
2026-01-21,res-6147,RDS (Database),Marketing,Staging,38.718736395954515,3.22,USD
2026-03-07,res-8317,EC2 (Compute),Sales,Prod,63.70444879367812,27.36,USD
2026-03-02,res-3587,S3 (Storage),Sales,Prod,34.825089386870836,40.17,USD
2026-03-18,res-5314,S3 (Storage),,Prod,96.73327244854151,11.38,USD
2026-02-17,res-1357,RDS (Database),,Staging,4.153574501480459,24.29,USD
2026-02-26,res-2280,RDS (Database),Engineering,Prod,84.64301206235969,15.6,USD
2026-03-06,res-1283,S3 (Storage),,Staging,89.79763288276564,40.78,USD
2026-02-09,res-3092,S3 (Storage),,Prod,36.420394983210166,16.6,USD
2026-02-09,res-2489,RDS (Database),Data Science,Dev,27.25776058576178,40.63,USD
2026-03-06,res-6882,EC2 (Compute),Sales,Dev,0.0,85.34,USD
2026-01-27,res-2503,S3 (Storage),,Staging,14.635130613796916,45.12,USD
2026-01-13,res-8195,CloudFront (CDN),Data Science,Staging,96.3967400522265,45.31,USD
2026-01-16,res-1777,CloudFront (CDN),Marketing,Dev,28.419959568608995,36.48,USD
2026-03-22,res-2956,EC2 (Compute),Engineering,Prod,12.755333937349183,10.66,USD
2026-03-03,res-9257,CloudFront (CDN),Marketing,Prod,44.269226552503554,26.05,USD
2026-01-29,res-1970,RDS (Database),Engineering,Staging,96.39083660462224,4.57,USD
2026-03-29,res-5467,CloudFront (CDN),Marketing,Prod,91.91754424199553,22.0,USD
2026-03-20,res-9640,S3 (Storage),Engineering,Dev,58.530883054239204,4.73,USD
2026-01-26,res-1076,S3 (Storage),Sales,Prod,44.554000536733646,44.09,USD
2026-03-19,res-1491,RDS (Database),Marketing,Staging,64.38672937384068,14.11,USD
2026-03-13,res-3132,CloudFront (CDN),Data Science,Staging,37.20077063776819,4.22,USD
2026-03-31,res-1714,Lambda (Serverless),Data Science,Dev,92.55877664926983,25.92,USD
2026-01-01,res-8317,S3 (Storage),Data Science,Staging,77.10031470446367,42.81,USD
2026-01-26,res-8940,RDS (Database),Engineering,Staging,37.26091246560752,17.38,USD
2026-01-27,res-4691,EC2 (Compute),,Prod,23.421872387353226,43.27,USD
2026-01-29,res-4950,RDS (Database),Marketing,Prod,51.29914106942208,14.71,USD
2026-03-12,res-4789,CloudFront (CDN),,Staging,23.08196774345761,19.0,USD
2026-01-18,res-4001,RDS (Database),Data Science,Staging,86.8436300533929,40.97,USD
2026-01-01,res-1891,CloudFront (CDN),Marketing,Dev,53.27633002310547,22.38,USD
2026-01-19,res-8179,Lambda (Serverless),Marketing,Staging,36.06441813157537,35.02,USD
2026-01-23,res-2998,S3 (Storage),Sales,Prod,13.03945008657174,7.17,USD
2026-01-17,res-6740,EC2 (Compute),Data Science,Dev,13.48203443345851,18.34,USD
2026-03-19,res-2590,RDS (Database),Engineering,Dev,4.155164258443959,34.53,USD
2026-01-22,res-3489,EC2 (Compute),Marketing,Staging,28.442136971417206,3.44,USD
2026-01-20,res-6103,EC2 (Compute),Data Science,Prod,83.81318327094321,14.28,USD
2026-03-15,res-2414,S3 (Storage),Data Science,Staging,23.71520770022818,41.06,USD
2026-01-18,res-5059,RDS (Database),Engineering,Prod,1.5979025038210937,1.44,USD
2026-02-01,res-8801,RDS (Database),Sales,Dev,12.49380904538159,23.26,USD
2026-02-12,res-4910,RDS (Database),Engineering,Staging,77.82550955139169,6.57,USD
2026-02-10,res-1649,Lambda (Serverless),Marketing,Staging,32.22862815508941,35.22,USD
2026-03-17,res-5811,RDS (Database),Sales,Staging,92.55070110784035,5.19,USD
2026-02-17,res-4807,Lambda (Serverless),,Dev,63.76267700082897,28.24,USD
2026-02-19,res-2094,RDS (Database),Data Science,Staging,97.93254481343754,34.08,USD
2026-03-16,res-8926,S3 (Storage),Data Science,Staging,50.53834199147641,12.97,USD
2026-01-15,res-8077,RDS (Database),Engineering,Staging,9.331559600601269,11.0,USD
2026-03-08,res-9903,EC2 (Compute),,Prod,73.73003908235397,30.11,USD
2026-01-03,res-4177,CloudFront (CDN),Engineering,Staging,22.55691190150714,29.96,USD
2026-02-18,res-1319,RDS (Database),Marketing,Dev,7.147542171958619,8.05,USD
2026-01-13,res-8991,EC2 (Compute),,Prod,8.446620823616717,23.8,USD
2026-03-19,res-2290,Lambda (Serverless),Engineering,Staging,0.0,75.21,USD
2026-03-16,res-3720,Lambda (Serverless),,Staging,86.05199110753605,35.67,USD
2026-02-10,res-7815,S3 (Storage),Marketing,Dev,15.405392186032111,37.08,USD
2026-01-19,res-3944,EC2 (Compute),Engineering,Dev,84.65166418098576,20.81,USD
2026-02-15,res-9582,Lambda (Serverless),Data Science,Dev,67.32391709648735,44.97,USD
2026-02-13,res-6947,EC2 (Compute),Sales,Staging,70.25898365037888,28.73,USD
2026-01-03,res-1731,EC2 (Compute),,Staging,28.033941520288195,8.81,USD
2026-02-11,res-4912,Lambda (Serverless),Marketing,Staging,91.30244592483326,5.16,USD
2026-02-26,res-6846,Lambda (Serverless),Data Science,Prod,14.860090716192289,24.67,USD
2026-03-28,res-1688,S3 (Storage),Marketing,Dev,88.61178896267351,12.14,USD
2026-02-06,res-6317,S3 (Storage),Engineering,Staging,52.28282591226909,34.91,USD
2026-03-12,res-9195,CloudFront (CDN),Data Science,Prod,97.54543179078918,48.58,USD
2026-02-22,res-2703,RDS (Database),Sales,Staging,39.14744485770989,43.15,USD
2026-02-01,res-7794,CloudFront (CDN),,Prod,52.43202332489477,33.15,USD
2026-03-18,res-1767,CloudFront (CDN),,Dev,0.0,182.22,USD
2026-02-22,res-7887,Lambda (Serverless),,Prod,66.79235231409068,20.2,USD
2026-02-26,res-7727,EC2 (Compute),Marketing,Dev,70.10274754859849,7.46,USD
2026-03-23,res-3490,EC2 (Compute),,Dev,73.05336562224576,19.61,USD
2026-01-24,res-5924,CloudFront (CDN),Data Science,Staging,46.55673837589886,5.22,USD
2026-02-19,res-3706,EC2 (Compute),Engineering,Prod,20.593402960582733,20.31,USD
2026-03-14,res-8937,EC2 (Compute),Data Science,Prod,15.580336312079037,20.68,USD
2026-01-17,res-9553,CloudFront (CDN),Data Science,Prod,19.54434722512687,34.17,USD
2026-02-05,res-1142,Lambda (Serverless),Sales,Prod,64.1625124752958,33.92,USD
2026-03-22,res-9821,EC2 (Compute),,Prod,45.37381859982114,10.36,USD
2026-02-03,res-3223,S3 (Storage),Data Science,Prod,51.45029462315712,41.46,USD
2026-02-20,res-2589,CloudFront (CDN),Sales,Staging,18.129104991301446,21.44,USD
2026-01-30,res-7923,CloudFront (CDN),,Staging,87.06573500264078,46.09,USD
2026-02-12,res-5522,Lambda (Serverless),Sales,Prod,99.82306662476904,44.06,USD
2026-02-15,res-9539,S3 (Storage),Data Science,Prod,79.61881204506108,44.75,USD
2026-02-27,res-9076,RDS (Database),Sales,Staging,99.85784112985387,39.77,USD
2026-01-06,res-3096,RDS (Database),Data Science,Prod,60.857573933075244,5.55,USD
2026-02-12,res-2022,EC2 (Compute),Data Science,Prod,0.0,110.85,USD
2026-02-02,res-9261,EC2 (Compute),Data Science,Prod,87.29383051194002,2.96,USD
2026-01-10,res-3665,S3 (Storage),Sales,Dev,53.547620673153354,15.34,USD
2026-02-17,res-5291,S3 (Storage),Engineering,Dev,86.84498132990132,38.7,USD
2026-02-15,res-1678,Lambda (Serverless),,Prod,55.79760038782069,43.86,USD
2026-01-24,res-1675,CloudFront (CDN),Marketing,Staging,22.75961100390354,32.73,USD
2026-01-12,res-3566,EC2 (Compute),Sales,Prod,46.28867394011369,28.57,USD
2026-03-29,res-2068,EC2 (Compute),Data Science,Staging,24.449017890538926,5.47,USD
2026-02-05,res-1992,EC2 (Compute),Data Science,Prod,96.19822801754644,13.75,USD
2026-02-03,res-9169,EC2 (Compute),Sales,Staging,0.0,129.06,USD
2026-02-17,res-1580,S3 (Storage),,Staging,85.25856221254469,5.85,USD
2026-02-28,res-9665,EC2 (Compute),Marketing,Staging,13.395222214314154,47.61,USD
2026-01-11,res-5923,S3 (Storage),Sales,Dev,89.04951807039235,42.35,USD
2026-03-06,res-8155,RDS (Database),Engineering,Prod,32.96404473533952,29.65,USD
2026-02-23,res-3406,EC2 (Compute),Data Science,Dev,5.544524985925951,49.91,USD
2026-01-23,res-5217,S3 (Storage),,Prod,39.94741793741669,23.31,USD
2026-01-16,res-5007,Lambda (Serverless),Sales,Prod,99.26649165131701,41.29,USD
2026-03-18,res-9473,CloudFront (CDN),Sales,Prod,29.047112906744786,5.65,USD
2026-03-23,res-6183,CloudFront (CDN),Data Science,Dev,74.4019349561309,42.75,USD
2026-02-05,res-6113,RDS (Database),Sales,Staging,60.68546109431279,43.92,USD
2026-02-03,res-7167,CloudFront (CDN),Engineering,Dev,48.383236615150764,46.16,USD
2026-02-28,res-5254,EC2 (Compute),Marketing,Staging,97.82027123203723,46.39,USD
2026-03-29,res-6214,S3 (Storage),Marketing,Dev,86.77166497076328,34.93,USD
2026-03-31,res-2547,RDS (Database),Data Science,Prod,61.68376143766648,8.41,USD
2026-03-29,res-8389,Lambda (Serverless),,Staging,18.865839832579297,25.21,USD
2026-02-09,res-8547,CloudFront (CDN),Engineering,Prod,85.35957679197715,23.66,USD
2026-01-11,res-3949,Lambda (Serverless),Engineering,Prod,28.01066033473853,41.93,USD
2026-01-26,res-5540,EC2 (Compute),Engineering,Staging,22.46878254297679,25.38,USD
2026-01-12,res-5344,RDS (Database),,Prod,76.21721205472946,3.97,USD
2026-02-15,res-9920,Lambda (Serverless),Sales,Staging,63.655291817937524,22.84,USD
2026-02-14,res-9651,RDS (Database),,Dev,61.88549415247091,27.5,USD
2026-01-24,res-5812,EC2 (Compute),Sales,Staging,45.70673896330961,5.63,USD
2026-02-14,res-4404,EC2 (Compute),Engineering,Staging,81.68921725926485,35.39,USD
2026-03-14,res-1335,S3 (Storage),,Dev,55.178895494771496,48.39,USD
2026-03-06,res-4688,EC2 (Compute),Engineering,Prod,42.349132811138865,4.36,USD
2026-02-07,res-1764,S3 (Storage),Data Science,Prod,94.5287897759468,37.99,USD
2026-02-11,res-2299,RDS (Database),,Staging,86.3010913653965,0.31,USD
2026-03-21,res-9250,EC2 (Compute),Marketing,Staging,92.33223522064364,32.73,USD
2026-02-04,res-5893,Lambda (Serverless),Data Science,Dev,59.0439889095441,42.43,USD
2026-01-21,res-8637,EC2 (Compute),Data Science,Prod,90.66408993840675,44.99,USD
2026-02-06,res-1987,Lambda (Serverless),,Dev,13.089272240976207,32.16,USD
2026-01-21,res-3043,EC2 (Compute),Data Science,Dev,24.166894520550294,23.39,USD
2026-02-13,res-1575,CloudFront (CDN),Data Science,Prod,37.20067358802103,31.04,USD
2026-01-14,res-9509,RDS (Database),,Dev,85.6973658027296,5.2,USD
2026-03-25,res-5161,RDS (Database),Sales,Staging,65.85001522437987,13.93,USD
2026-03-04,res-2578,S3 (Storage),Marketing,Prod,33.566213745274915,17.66,USD
2026-04-01,res-5754,EC2 (Compute),Sales,Staging,70.76109377398018,35.31,USD
2026-01-31,res-5846,CloudFront (CDN),Sales,Staging,60.83700632051236,23.45,USD
2026-02-07,res-7841,RDS (Database),Sales,Prod,58.28000253927388,28.17,USD
2026-03-28,res-9066,Lambda (Serverless),Marketing,Prod,0.0,89.67,USD
2026-03-16,res-5938,RDS (Database),Engineering,Dev,7.396292348242724,44.04,USD
2026-02-10,res-9822,CloudFront (CDN),,Prod,5.80473741020939,27.8,USD
2026-01-06,res-4900,CloudFront (CDN),Engineering,Staging,48.55122319839628,1.67,USD
2026-01-04,res-3320,EC2 (Compute),,Dev,25.015662803421204,3.08,USD
2026-02-28,res-5938,Lambda (Serverless),Data Science,Prod,9.73435299341298,5.21,USD
2026-01-28,res-4884,CloudFront (CDN),Marketing,Staging,97.80023421121773,19.82,USD
2026-01-10,res-3964,Lambda (Serverless),Data Science,Prod,46.162971957026905,3.74,USD
2026-02-18,res-1177,CloudFront (CDN),Sales,Dev,36.99953348339476,21.95,USD
2026-03-14,res-4655,RDS (Database),Data Science,Staging,72.99201638007345,36.25,USD
2026-01-08,res-1242,S3 (Storage),Marketing,Dev,40.58453871903838,29.18,USD
2026-03-11,res-2537,CloudFront (CDN),,Dev,68.52577968863685,2.08,USD
2026-03-31,res-9027,RDS (Database),Marketing,Prod,35.27379648289792,0.98,USD
2026-01-25,res-9990,EC2 (Compute),Marketing,Staging,21.204053686975396,42.77,USD
2026-01-02,res-3862,EC2 (Compute),Engineering,Dev,48.15639104657682,38.3,USD
2026-03-25,res-9276,CloudFront (CDN),,Prod,91.734907831661,18.56,USD
2026-03-19,res-3887,Lambda (Serverless),Marketing,Dev,16.3986187362282,12.45,USD
2026-02-12,res-5533,RDS (Database),Marketing,Staging,99.83271170377286,7.59,USD
2026-01-10,res-4270,RDS (Database),Marketing,Prod,83.99528754112994,2.81,USD
2026-03-09,res-9780,Lambda (Serverless),Engineering,Prod,53.962435981125104,32.35,USD
2026-02-11,res-2374,CloudFront (CDN),Engineering,Dev,30.085239871221262,3.51,USD
2026-01-01,res-8331,S3 (Storage),Marketing,Dev,11.46908682361874,40.5,USD
2026-03-29,res-6458,Lambda (Serverless),Marketing,Prod,56.315948357787335,44.86,USD
2026-03-05,res-9714,CloudFront (CDN),,Prod,67.51173780702135,26.51,USD
2026-01-17,res-4649,Lambda (Serverless),Engineering,Staging,37.90434248256749,6.01,USD
2026-01-06,res-5080,RDS (Database),Engineering,Prod,5.90509149283578,6.87,USD
2026-02-22,res-6793,S3 (Storage),Data Science,Prod,83.33102597437473,48.7,USD
2026-02-14,res-6627,EC2 (Compute),Marketing,Dev,58.78360716349443,4.04,USD
2026-01-22,res-4303,Lambda (Serverless),Sales,Staging,71.88416920323161,43.58,USD
2026-03-24,res-1599,RDS (Database),Marketing,Dev,36.503435221907644,24.66,USD
2026-03-19,res-6013,CloudFront (CDN),Marketing,Staging,8.974514244060192,31.18,USD
2026-02-12,res-6254,CloudFront (CDN),Marketing,Prod,31.85355400260755,44.63,USD
2026-03-13,res-7895,CloudFront (CDN),Data Science,Prod,77.85888889828779,17.28,USD
2026-03-03,res-5518,S3 (Storage),Marketing,Staging,49.50727946661701,24.45,USD
2026-03-12,res-4537,EC2 (Compute),Sales,Dev,29.82354091710674,32.78,USD
2026-03-03,res-3567,RDS (Database),Marketing,Staging,37.13619582436355,44.99,USD
2026-02-23,res-8414,Lambda (Serverless),,Prod,57.47188230912788,45.45,USD
2026-03-08,res-6212,RDS (Database),Marketing,Dev,76.37852064702905,48.77,USD
2026-03-07,res-2071,Lambda (Serverless),,Prod,27.77655216002539,30.08,USD
2026-01-22,res-4029,RDS (Database),Data Science,Prod,0.0,176.25,USD
2026-01-22,res-5333,RDS (Database),Data Science,Staging,24.37580942052341,42.59,USD
2026-01-04,res-7544,RDS (Database),,Staging,42.15712381424419,15.96,USD
2026-01-20,res-4762,RDS (Database),,Staging,46.00175683937709,46.33,USD
2026-02-24,res-8356,Lambda (Serverless),Data Science,Dev,7.650556008370957,39.09,USD
2026-03-24,res-9561,CloudFront (CDN),Marketing,Prod,27.158845454116843,7.89,USD
2026-03-12,res-3249,EC2 (Compute),,Dev,39.89781181497424,35.97,USD
2026-02-18,res-9072,CloudFront (CDN),,Prod,35.85478125734426,39.41,USD
2026-01-25,res-4124,CloudFront (CDN),Marketing,Staging,74.58479155169279,14.98,USD
2026-03-02,res-5297,S3 (Storage),Engineering,Dev,6.510436450409926,44.0,USD
2026-01-29,res-6620,EC2 (Compute),Engineering,Staging,39.877255322699995,38.02,USD
2026-03-28,res-4059,Lambda (Serverless),Sales,Dev,45.64483447659979,43.05,USD
2026-04-01,res-9644,Lambda (Serverless),Data Science,Staging,84.02971995632275,31.11,USD
2026-02-08,res-7205,EC2 (Compute),,Staging,5.492512087003296,44.74,USD
2026-03-03,res-6034,EC2 (Compute),Engineering,Prod,31.260086314054405,43.03,USD
2026-03-06,res-7998,RDS (Database),Data Science,Staging,82.85007417881286,11.39,USD
2026-02-16,res-4383,S3 (Storage),Marketing,Dev,99.52162880700833,19.21,USD
2026-03-03,res-5242,RDS (Database),Engineering,Prod,99.08150902182604,32.05,USD
2026-03-02,res-3968,S3 (Storage),,Prod,53.92107382922447,2.19,USD
2026-02-21,res-8568,CloudFront (CDN),,Dev,60.40916006579372,41.22,USD
2026-02-10,res-3648,EC2 (Compute),Marketing,Staging,26.971102100469807,49.25,USD
2026-02-18,res-4740,S3 (Storage),,Prod,39.89718638317074,24.61,USD
2026-03-10,res-5972,EC2 (Compute),Marketing,Prod,25.38970328975684,19.86,USD
2026-01-09,res-4025,RDS (Database),,Dev,34.91276642941674,44.45,USD
2026-02-22,res-4584,EC2 (Compute),Sales,Dev,18.722792068521308,17.0,USD
2026-03-20,res-8698,CloudFront (CDN),,Staging,17.104378422952138,43.19,USD
2026-01-03,res-5927,EC2 (Compute),Sales,Prod,0.0,126.37,USD
2026-02-02,res-3761,RDS (Database),Sales,Staging,9.032638932975201,32.3,USD
2026-01-04,res-1468,RDS (Database),Data Science,Dev,48.014941470402505,20.08,USD
2026-01-04,res-1705,RDS (Database),Marketing,Staging,53.182091751630594,20.86,USD
2026-02-28,res-5384,Lambda (Serverless),,Staging,65.05703112940196,48.61,USD
2026-01-30,res-7346,RDS (Database),Engineering,Prod,58.545092655396175,3.89,USD
2026-01-05,res-9004,Lambda (Serverless),Marketing,Prod,83.984766136604,19.22,USD
2026-02-01,res-7626,CloudFront (CDN),Engineering,Staging,14.222442919153128,25.51,USD
2026-01-21,res-1583,CloudFront (CDN),Data Science,Staging,0.0,75.91,USD
2026-02-17,res-8542,RDS (Database),Sales,Prod,95.01069549084127,46.26,USD
2026-01-23,res-3303,S3 (Storage),Marketing,Staging,63.02830515553717,32.01,USD
2026-01-24,res-7315,RDS (Database),Sales,Dev,39.33635296383609,32.14,USD
2026-02-20,res-6425,Lambda (Serverless),Marketing,Dev,11.522701779329136,30.62,USD
2026-03-31,res-8174,CloudFront (CDN),Sales,Prod,84.85374223692412,49.69,USD
2026-02-06,res-5366,EC2 (Compute),Marketing,Prod,67.95265349281904,45.84,USD
2026-03-09,res-3000,RDS (Database),Engineering,Prod,3.733550530350146,45.85,USD
2026-03-04,res-9138,CloudFront (CDN),Sales,Staging,76.28333363020792,34.9,USD
2026-01-03,res-6051,CloudFront (CDN),Data Science,Staging,27.682061726224244,18.29,USD
2026-03-31,res-3212,RDS (Database),Sales,Prod,50.38002385944518,5.09,USD
2026-01-03,res-3119,S3 (Storage),,Dev,52.19874084886918,38.92,USD
2026-02-09,res-8268,EC2 (Compute),Sales,Prod,60.796040971764896,35.54,USD
2026-03-25,res-7476,S3 (Storage),Marketing,Dev,36.2282704822891,16.54,USD
2026-03-08,res-6536,S3 (Storage),Data Science,Staging,62.769469807931394,11.57,USD
2026-01-04,res-4594,EC2 (Compute),Data Science,Dev,65.46563978926328,31.79,USD
2026-02-09,res-6731,S3 (Storage),Data Science,Staging,58.934150893645146,9.16,USD
2026-03-01,res-7515,RDS (Database),Engineering,Dev,40.09876763137183,9.2,USD
2026-02-19,res-6464,CloudFront (CDN),Marketing,Prod,6.404772465405373,27.96,USD
2026-03-20,res-2975,Lambda (Serverless),Engineering,Staging,25.674832018347185,8.37,USD
2026-02-19,res-7952,CloudFront (CDN),Sales,Prod,79.8588179231011,44.88,USD
2026-01-31,res-7542,S3 (Storage),Data Science,Dev,99.36826872400106,34.32,USD
2026-02-21,res-7362,EC2 (Compute),Marketing,Dev,26.53577315844265,7.58,USD
2026-01-21,res-3272,EC2 (Compute),,Staging,0.0,97.08,USD
2026-02-22,res-1407,CloudFront (CDN),Engineering,Dev,53.542418374797066,10.37,USD
2026-01-13,res-9942,Lambda (Serverless),Data Science,Staging,81.74145124552854,10.72,USD
2026-02-21,res-4649,Lambda (Serverless),Data Science,Prod,21.850935051692787,37.52,USD
2026-01-22,res-3649,EC2 (Compute),Engineering,Dev,14.26741527202404,28.01,USD
2026-03-06,res-3874,CloudFront (CDN),Data Science,Staging,53.874383387835785,1.53,USD
2026-01-01,res-6740,Lambda (Serverless),Data Science,Dev,55.254573159239065,3.37,USD
2026-01-22,res-8597,Lambda (Serverless),,Dev,73.02799503544107,20.31,USD
2026-03-07,res-3400,RDS (Database),,Staging,14.704917910035226,30.26,USD
2026-02-16,res-9785,EC2 (Compute),Data Science,Prod,2.434920231704071,44.86,USD
2026-03-27,res-3407,Lambda (Serverless),,Prod,72.89946721232295,23.56,USD
2026-01-09,res-4091,EC2 (Compute),Data Science,Prod,8.10258782673232,23.42,USD
2026-01-17,res-6750,S3 (Storage),Marketing,Dev,60.15571709167384,6.44,USD
2026-01-01,res-2723,RDS (Database),Marketing,Dev,98.04970464199836,32.45,USD
2026-03-09,res-2515,Lambda (Serverless),Marketing,Dev,98.44658243917046,13.83,USD
2026-01-30,res-3888,EC2 (Compute),,Staging,98.75370211456352,19.35,USD
2026-01-06,res-2493,Lambda (Serverless),Marketing,Prod,77.86507326732159,20.83,USD
2026-02-24,res-1705,Lambda (Serverless),,Dev,43.881795846629316,15.26,USD
2026-02-09,res-1751,CloudFront (CDN),Data Science,Staging,77.55403040219403,29.8,USD
2026-02-07,res-4294,Lambda (Serverless),,Dev,6.907789347745506,38.41,USD
2026-03-13,res-8586,EC2 (Compute),Data Science,Staging,24.299263308241606,37.38,USD
2026-03-11,res-6921,S3 (Storage),Sales,Dev,33.05532901451968,27.57,USD
2026-02-22,res-7539,RDS (Database),Data Science,Dev,70.53170051319108,48.96,USD
2026-03-07,res-1728,RDS (Database),,Dev,95.6076185786419,16.33,USD
2026-01-28,res-2274,CloudFront (CDN),Data Science,Dev,68.99300634515015,10.5,USD
2026-01-29,res-4010,S3 (Storage),Data Science,Dev,0.0,196.9,USD
2026-03-21,res-7841,RDS (Database),Marketing,Dev,64.30056364786266,16.58,USD
2026-01-14,res-8232,RDS (Database),,Staging,20.97227801271491,22.7,USD
2026-02-09,res-9260,EC2 (Compute),Data Science,Dev,59.04409334362415,45.73,USD
2026-03-29,res-8762,EC2 (Compute),Engineering,Staging,65.94384755373925,43.87,USD
2026-01-15,res-1136,CloudFront (CDN),Engineering,Prod,2.5434710889112337,10.9,USD
2026-02-17,res-8468,S3 (Storage),Sales,Prod,8.647379587081435,46.72,USD
2026-01-17,res-7176,S3 (Storage),Data Science,Staging,85.64569830260466,39.31,USD
2026-03-06,res-2620,EC2 (Compute),Sales,Staging,0.0,155.88,USD
2026-03-04,res-2891,S3 (Storage),Data Science,Staging,24.618430626910886,34.71,USD
2026-01-03,res-8919,RDS (Database),,Prod,63.14427323913348,5.1,USD
2026-03-26,res-4264,EC2 (Compute),Marketing,Prod,83.09802627866698,34.6,USD
2026-02-17,res-4240,EC2 (Compute),,Dev,97.13409557496543,31.9,USD
2026-02-08,res-7619,S3 (Storage),Engineering,Staging,68.72532224374278,3.83,USD
2026-01-03,res-7507,EC2 (Compute),Marketing,Dev,42.35189621675658,45.14,USD
2026-01-01,res-1880,Lambda (Serverless),,Staging,44.330743567356976,6.75,USD
2026-03-28,res-4085,RDS (Database),,Dev,39.359767870536146,13.5,USD
2026-02-14,res-2438,Lambda (Serverless),Marketing,Prod,49.69480355779278,9.97,USD
2026-01-04,res-3075,RDS (Database),Engineering,Dev,50.19902193395269,11.12,USD
